{"__type":"$$EventMessageWorkflow","id":"12910f44-bec1-4a64-9edc-bd04647e4d08","ts":"2026-01-10T08:27:05.840-05:00","eventName":"n8n.workflow.started","message":"n8n.workflow.started","payload":{"executionId":"5","workflowId":"vV7VhZ1K8SM67v3VjEW6s","isManual":false,"workflowName":"Order Created - WhatsApp Notification (Evolution)"}}
{"__type":"$$EventMessageConfirm","confirm":"12910f44-bec1-4a64-9edc-bd04647e4d08","ts":"2026-01-10T08:27:05.840-05:00","source":{"id":"0","name":"eventBus"}}
{"__type":"$$EventMessageNode","id":"85e82154-a104-49af-8d54-a7c369856ff4","ts":"2026-01-10T08:27:05.842-05:00","eventName":"n8n.node.started","message":"n8n.node.started","payload":{"workflowId":"vV7VhZ1K8SM67v3VjEW6s","workflowName":"Order Created - WhatsApp Notification (Evolution)","executionId":"5","nodeType":"n8n-nodes-base.webhook","nodeName":"Webhook","nodeId":"647c9761-3d16-4dba-89eb-45a2f23bd13d"}}
{"__type":"$$EventMessageConfirm","confirm":"85e82154-a104-49af-8d54-a7c369856ff4","ts":"2026-01-10T08:27:05.842-05:00","source":{"id":"0","name":"eventBus"}}
{"__type":"$$EventMessageNode","id":"b3fb80b4-426a-4aab-8aa9-5264c34b008c","ts":"2026-01-10T08:27:05.844-05:00","eventName":"n8n.node.finished","message":"n8n.node.finished","payload":{"workflowId":"vV7VhZ1K8SM67v3VjEW6s","workflowName":"Order Created - WhatsApp Notification (Evolution)","executionId":"5","nodeType":"n8n-nodes-base.webhook","nodeName":"Webhook","nodeId":"647c9761-3d16-4dba-89eb-45a2f23bd13d"}}
{"__type":"$$EventMessageConfirm","confirm":"b3fb80b4-426a-4aab-8aa9-5264c34b008c","ts":"2026-01-10T08:27:05.844-05:00","source":{"id":"0","name":"eventBus"}}
{"__type":"$$EventMessageNode","id":"9046c05d-0624-4b4a-bd87-41a3129fd1e8","ts":"2026-01-10T08:27:05.845-05:00","eventName":"n8n.node.started","message":"n8n.node.started","payload":{"workflowId":"vV7VhZ1K8SM67v3VjEW6s","workflowName":"Order Created - WhatsApp Notification (Evolution)","executionId":"5","nodeType":"n8n-nodes-base.set","nodeName":"Extract Data","nodeId":"26399a8d-fe35-44ff-8dc8-dded8a51c6a3"}}
{"__type":"$$EventMessageConfirm","confirm":"9046c05d-0624-4b4a-bd87-41a3129fd1e8","ts":"2026-01-10T08:27:05.845-05:00","source":{"id":"0","name":"eventBus"}}
{"__type":"$$EventMessageNode","id":"ae91c4d5-5bac-41d8-8cbb-266760a40e9d","ts":"2026-01-10T08:27:05.866-05:00","eventName":"n8n.node.finished","message":"n8n.node.finished","payload":{"workflowId":"vV7VhZ1K8SM67v3VjEW6s","workflowName":"Order Created - WhatsApp Notification (Evolution)","executionId":"5","nodeType":"n8n-nodes-base.set","nodeName":"Extract Data","nodeId":"26399a8d-fe35-44ff-8dc8-dded8a51c6a3"}}
{"__type":"$$EventMessageConfirm","confirm":"ae91c4d5-5bac-41d8-8cbb-266760a40e9d","ts":"2026-01-10T08:27:05.866-05:00","source":{"id":"0","name":"eventBus"}}
{"__type":"$$EventMessageNode","id":"bb220f75-867b-470c-8939-259fc7159bce","ts":"2026-01-10T08:27:05.868-05:00","eventName":"n8n.node.started","message":"n8n.node.started","payload":{"workflowId":"vV7VhZ1K8SM67v3VjEW6s","workflowName":"Order Created - WhatsApp Notification (Evolution)","executionId":"5","nodeType":"n8n-nodes-base.httpRequest","nodeName":"Send WhatsApp (Evolution)","nodeId":"5c1c7b8f-de99-4817-901f-61fbd0f8b08f"}}
{"__type":"$$EventMessageConfirm","confirm":"bb220f75-867b-470c-8939-259fc7159bce","ts":"2026-01-10T08:27:05.868-05:00","source":{"id":"0","name":"eventBus"}}
{"__type":"$$EventMessageNode","id":"1c156257-36e5-44e6-952a-d9f7ce1685bc","ts":"2026-01-10T08:27:07.287-05:00","eventName":"n8n.node.finished","message":"n8n.node.finished","payload":{"workflowId":"vV7VhZ1K8SM67v3VjEW6s","workflowName":"Order Created - WhatsApp Notification (Evolution)","executionId":"5","nodeType":"n8n-nodes-base.httpRequest","nodeName":"Send WhatsApp (Evolution)","nodeId":"5c1c7b8f-de99-4817-901f-61fbd0f8b08f"}}
{"__type":"$$EventMessageConfirm","confirm":"1c156257-36e5-44e6-952a-d9f7ce1685bc","ts":"2026-01-10T08:27:07.288-05:00","source":{"id":"0","name":"eventBus"}}
{"__type":"$$EventMessageNode","id":"78ae79f1-2e3f-473e-b3bd-535f2dde3f29","ts":"2026-01-10T08:27:07.288-05:00","eventName":"n8n.node.started","message":"n8n.node.started","payload":{"workflowId":"vV7VhZ1K8SM67v3VjEW6s","workflowName":"Order Created - WhatsApp Notification (Evolution)","executionId":"5","nodeType":"n8n-nodes-base.respondToWebhook","nodeName":"Respond to Webhook","nodeId":"42c376fb-46e2-4b07-b753-516466f8c8cb"}}
{"__type":"$$EventMessageConfirm","confirm":"78ae79f1-2e3f-473e-b3bd-535f2dde3f29","ts":"2026-01-10T08:27:07.288-05:00","source":{"id":"0","name":"eventBus"}}
{"__type":"$$EventMessageNode","id":"b7dd9698-e2e7-4da4-94ea-2b3c8eaf9841","ts":"2026-01-10T08:27:07.294-05:00","eventName":"n8n.node.finished","message":"n8n.node.finished","payload":{"workflowId":"vV7VhZ1K8SM67v3VjEW6s","workflowName":"Order Created - WhatsApp Notification (Evolution)","executionId":"5","nodeType":"n8n-nodes-base.respondToWebhook","nodeName":"Respond to Webhook","nodeId":"42c376fb-46e2-4b07-b753-516466f8c8cb"}}
{"__type":"$$EventMessageConfirm","confirm":"b7dd9698-e2e7-4da4-94ea-2b3c8eaf9841","ts":"2026-01-10T08:27:07.295-05:00","source":{"id":"0","name":"eventBus"}}
{"__type":"$$EventMessageWorkflow","id":"063ec46d-f4bc-47b1-8aa8-d077d970bee7","ts":"2026-01-10T08:27:07.296-05:00","eventName":"n8n.workflow.success","message":"n8n.workflow.success","payload":{"executionId":"5","success":true,"isManual":true,"workflowId":"vV7VhZ1K8SM67v3VjEW6s","workflowName":"Order Created - WhatsApp Notification (Evolution)"}}
{"__type":"$$EventMessageConfirm","confirm":"063ec46d-f4bc-47b1-8aa8-d077d970bee7","ts":"2026-01-10T08:27:07.296-05:00","source":{"id":"0","name":"eventBus"}}
{"__type":"$$EventMessageWorkflow","id":"c6768bd8-c9f7-473b-a00e-d82bec2998ee","ts":"2026-01-10T08:35:04.105-05:00","eventName":"n8n.workflow.started","message":"n8n.workflow.started","payload":{"executionId":"6","workflowId":"vV7VhZ1K8SM67v3VjEW6s","isManual":false,"workflowName":"Order Created - WhatsApp Notification (Evolution)"}}
{"__type":"$$EventMessageConfirm","confirm":"c6768bd8-c9f7-473b-a00e-d82bec2998ee","ts":"2026-01-10T08:35:04.105-05:00","source":{"id":"0","name":"eventBus"}}
{"__type":"$$EventMessageNode","id":"d1b5e96d-c0ed-4cdd-9ff6-2fa1a2c776b7","ts":"2026-01-10T08:35:04.106-05:00","eventName":"n8n.node.started","message":"n8n.node.started","payload":{"workflowId":"vV7VhZ1K8SM67v3VjEW6s","workflowName":"Order Created - WhatsApp Notification (Evolution)","executionId":"6","nodeType":"n8n-nodes-base.webhook","nodeName":"Webhook","nodeId":"647c9761-3d16-4dba-89eb-45a2f23bd13d"}}
{"__type":"$$EventMessageConfirm","confirm":"d1b5e96d-c0ed-4cdd-9ff6-2fa1a2c776b7","ts":"2026-01-10T08:35:04.106-05:00","source":{"id":"0","name":"eventBus"}}
{"__type":"$$EventMessageNode","id":"76d792d0-d685-470f-bd3b-f58a65957db5","ts":"2026-01-10T08:35:04.107-05:00","eventName":"n8n.node.finished","message":"n8n.node.finished","payload":{"workflowId":"vV7VhZ1K8SM67v3VjEW6s","workflowName":"Order Created - WhatsApp Notification (Evolution)","executionId":"6","nodeType":"n8n-nodes-base.webhook","nodeName":"Webhook","nodeId":"647c9761-3d16-4dba-89eb-45a2f23bd13d"}}
{"__type":"$$EventMessageConfirm","confirm":"76d792d0-d685-470f-bd3b-f58a65957db5","ts":"2026-01-10T08:35:04.107-05:00","source":{"id":"0","name":"eventBus"}}
{"__type":"$$EventMessageWorkflow","id":"838216d2-6361-4a82-99ff-88fd7bf1aa23","ts":"2026-01-10T08:35:04.107-05:00","eventName":"n8n.workflow.success","message":"n8n.workflow.success","payload":{"executionId":"6","success":true,"isManual":true,"workflowId":"vV7VhZ1K8SM67v3VjEW6s","workflowName":"Order Created - WhatsApp Notification (Evolution)"}}
{"__type":"$$EventMessageConfirm","confirm":"838216d2-6361-4a82-99ff-88fd7bf1aa23","ts":"2026-01-10T08:35:04.107-05:00","source":{"id":"0","name":"eventBus"}}
{"__type":"$$EventMessageWorkflow","id":"9551b0d9-a54b-40ed-96a8-7d4147c0770f","ts":"2026-01-10T08:35:45.639-05:00","eventName":"n8n.workflow.started","message":"n8n.workflow.started","payload":{"executionId":"7","workflowId":"vV7VhZ1K8SM67v3VjEW6s","isManual":false,"workflowName":"Order Created - WhatsApp Notification (Evolution)"}}
{"__type":"$$EventMessageConfirm","confirm":"9551b0d9-a54b-40ed-96a8-7d4147c0770f","ts":"2026-01-10T08:35:45.639-05:00","source":{"id":"0","name":"eventBus"}}
{"__type":"$$EventMessageNode","id":"4e933c77-76fe-4aa9-a28d-550f61cb3e05","ts":"2026-01-10T08:35:45.640-05:00","eventName":"n8n.node.started","message":"n8n.node.started","payload":{"workflowId":"vV7VhZ1K8SM67v3VjEW6s","workflowName":"Order Created - WhatsApp Notification (Evolution)","executionId":"7","nodeType":"n8n-nodes-base.webhook","nodeName":"Webhook","nodeId":"647c9761-3d16-4dba-89eb-45a2f23bd13d"}}
{"__type":"$$EventMessageConfirm","confirm":"4e933c77-76fe-4aa9-a28d-550f61cb3e05","ts":"2026-01-10T08:35:45.640-05:00","source":{"id":"0","name":"eventBus"}}
{"__type":"$$EventMessageNode","id":"c0596401-d3aa-464d-8a5f-31a1a95df060","ts":"2026-01-10T08:35:45.641-05:00","eventName":"n8n.node.finished","message":"n8n.node.finished","payload":{"workflowId":"vV7VhZ1K8SM67v3VjEW6s","workflowName":"Order Created - WhatsApp Notification (Evolution)","executionId":"7","nodeType":"n8n-nodes-base.webhook","nodeName":"Webhook","nodeId":"647c9761-3d16-4dba-89eb-45a2f23bd13d"}}
{"__type":"$$EventMessageConfirm","confirm":"c0596401-d3aa-464d-8a5f-31a1a95df060","ts":"2026-01-10T08:35:45.641-05:00","source":{"id":"0","name":"eventBus"}}
{"__type":"$$EventMessageNode","id":"39b8d8ed-d075-4010-9c93-e995eb415101","ts":"2026-01-10T08:35:45.642-05:00","eventName":"n8n.node.started","message":"n8n.node.started","payload":{"workflowId":"vV7VhZ1K8SM67v3VjEW6s","workflowName":"Order Created - WhatsApp Notification (Evolution)","executionId":"7","nodeType":"n8n-nodes-base.set","nodeName":"Extract Data","nodeId":"26399a8d-fe35-44ff-8dc8-dded8a51c6a3"}}
{"__type":"$$EventMessageConfirm","confirm":"39b8d8ed-d075-4010-9c93-e995eb415101","ts":"2026-01-10T08:35:45.642-05:00","source":{"id":"0","name":"eventBus"}}
{"__type":"$$EventMessageNode","id":"43b96227-bd6e-475b-8a93-ef0d67b49d50","ts":"2026-01-10T08:35:45.645-05:00","eventName":"n8n.node.finished","message":"n8n.node.finished","payload":{"workflowId":"vV7VhZ1K8SM67v3VjEW6s","workflowName":"Order Created - WhatsApp Notification (Evolution)","executionId":"7","nodeType":"n8n-nodes-base.set","nodeName":"Extract Data","nodeId":"26399a8d-fe35-44ff-8dc8-dded8a51c6a3"}}
{"__type":"$$EventMessageConfirm","confirm":"43b96227-bd6e-475b-8a93-ef0d67b49d50","ts":"2026-01-10T08:35:45.645-05:00","source":{"id":"0","name":"eventBus"}}
{"__type":"$$EventMessageNode","id":"13f54229-03a7-40ee-9ed8-f7cdbc3b70cf","ts":"2026-01-10T08:35:45.646-05:00","eventName":"n8n.node.started","message":"n8n.node.started","payload":{"workflowId":"vV7VhZ1K8SM67v3VjEW6s","workflowName":"Order Created - WhatsApp Notification (Evolution)","executionId":"7","nodeType":"n8n-nodes-base.httpRequest","nodeName":"Send WhatsApp (Evolution)","nodeId":"5c1c7b8f-de99-4817-901f-61fbd0f8b08f"}}
{"__type":"$$EventMessageConfirm","confirm":"13f54229-03a7-40ee-9ed8-f7cdbc3b70cf","ts":"2026-01-10T08:35:45.646-05:00","source":{"id":"0","name":"eventBus"}}
{"__type":"$$EventMessageNode","id":"7fa06279-2a9d-4720-ac5c-fc0ff6bdc31e","ts":"2026-01-10T08:35:47.372-05:00","eventName":"n8n.node.finished","message":"n8n.node.finished","payload":{"workflowId":"vV7VhZ1K8SM67v3VjEW6s","workflowName":"Order Created - WhatsApp Notification (Evolution)","executionId":"7","nodeType":"n8n-nodes-base.httpRequest","nodeName":"Send WhatsApp (Evolution)","nodeId":"5c1c7b8f-de99-4817-901f-61fbd0f8b08f"}}
{"__type":"$$EventMessageConfirm","confirm":"7fa06279-2a9d-4720-ac5c-fc0ff6bdc31e","ts":"2026-01-10T08:35:47.373-05:00","source":{"id":"0","name":"eventBus"}}
{"__type":"$$EventMessageNode","id":"e917e28c-ab58-4fa1-9282-c4681dc4cf23","ts":"2026-01-10T08:35:47.373-05:00","eventName":"n8n.node.started","message":"n8n.node.started","payload":{"workflowId":"vV7VhZ1K8SM67v3VjEW6s","workflowName":"Order Created - WhatsApp Notification (Evolution)","executionId":"7","nodeType":"n8n-nodes-base.respondToWebhook","nodeName":"Respond to Webhook","nodeId":"42c376fb-46e2-4b07-b753-516466f8c8cb"}}
{"__type":"$$EventMessageConfirm","confirm":"e917e28c-ab58-4fa1-9282-c4681dc4cf23","ts":"2026-01-10T08:35:47.373-05:00","source":{"id":"0","name":"eventBus"}}
{"__type":"$$EventMessageNode","id":"91119cd4-ee0b-473b-ab57-0af60c964ea2","ts":"2026-01-10T08:35:47.375-05:00","eventName":"n8n.node.finished","message":"n8n.node.finished","payload":{"workflowId":"vV7VhZ1K8SM67v3VjEW6s","workflowName":"Order Created - WhatsApp Notification (Evolution)","executionId":"7","nodeType":"n8n-nodes-base.respondToWebhook","nodeName":"Respond to Webhook","nodeId":"42c376fb-46e2-4b07-b753-516466f8c8cb"}}
{"__type":"$$EventMessageConfirm","confirm":"91119cd4-ee0b-473b-ab57-0af60c964ea2","ts":"2026-01-10T08:35:47.375-05:00","source":{"id":"0","name":"eventBus"}}
{"__type":"$$EventMessageWorkflow","id":"16521da7-90ce-4c5e-943b-c7d26bf6fd43","ts":"2026-01-10T08:35:47.376-05:00","eventName":"n8n.workflow.success","message":"n8n.workflow.success","payload":{"executionId":"7","success":true,"isManual":true,"workflowId":"vV7VhZ1K8SM67v3VjEW6s","workflowName":"Order Created - WhatsApp Notification (Evolution)"}}
{"__type":"$$EventMessageConfirm","confirm":"16521da7-90ce-4c5e-943b-c7d26bf6fd43","ts":"2026-01-10T08:35:47.376-05:00","source":{"id":"0","name":"eventBus"}}
{"__type":"$$EventMessageWorkflow","id":"dc62e870-d7db-47b0-b104-60e9b49e594e","ts":"2026-01-10T08:38:03.508-05:00","eventName":"n8n.workflow.started","message":"n8n.workflow.started","payload":{"executionId":"8","workflowId":"vV7VhZ1K8SM67v3VjEW6s","isManual":false,"workflowName":"Order Created - WhatsApp Notification (Evolution)"}}
{"__type":"$$EventMessageConfirm","confirm":"dc62e870-d7db-47b0-b104-60e9b49e594e","ts":"2026-01-10T08:38:03.508-05:00","source":{"id":"0","name":"eventBus"}}
{"__type":"$$EventMessageNode","id":"4aa1c903-a9a2-4623-ae9a-561fe10fa272","ts":"2026-01-10T08:38:03.509-05:00","eventName":"n8n.node.started","message":"n8n.node.started","payload":{"workflowId":"vV7VhZ1K8SM67v3VjEW6s","workflowName":"Order Created - WhatsApp Notification (Evolution)","executionId":"8","nodeType":"n8n-nodes-base.webhook","nodeName":"Webhook","nodeId":"647c9761-3d16-4dba-89eb-45a2f23bd13d"}}
{"__type":"$$EventMessageConfirm","confirm":"4aa1c903-a9a2-4623-ae9a-561fe10fa272","ts":"2026-01-10T08:38:03.509-05:00","source":{"id":"0","name":"eventBus"}}
{"__type":"$$EventMessageNode","id":"825d9a58-33a2-481c-84c1-c9e06904ab19","ts":"2026-01-10T08:38:03.510-05:00","eventName":"n8n.node.finished","message":"n8n.node.finished","payload":{"workflowId":"vV7VhZ1K8SM67v3VjEW6s","workflowName":"Order Created - WhatsApp Notification (Evolution)","executionId":"8","nodeType":"n8n-nodes-base.webhook","nodeName":"Webhook","nodeId":"647c9761-3d16-4dba-89eb-45a2f23bd13d"}}
{"__type":"$$EventMessageConfirm","confirm":"825d9a58-33a2-481c-84c1-c9e06904ab19","ts":"2026-01-10T08:38:03.510-05:00","source":{"id":"0","name":"eventBus"}}
{"__type":"$$EventMessageWorkflow","id":"7300e943-a421-4dc8-a079-5b98e3d97ffe","ts":"2026-01-10T08:38:03.511-05:00","eventName":"n8n.workflow.success","message":"n8n.workflow.success","payload":{"executionId":"8","success":true,"isManual":true,"workflowId":"vV7VhZ1K8SM67v3VjEW6s","workflowName":"Order Created - WhatsApp Notification (Evolution)"}}
{"__type":"$$EventMessageConfirm","confirm":"7300e943-a421-4dc8-a079-5b98e3d97ffe","ts":"2026-01-10T08:38:03.511-05:00","source":{"id":"0","name":"eventBus"}}
{"__type":"$$EventMessageWorkflow","id":"acf7bf15-0ae1-429f-97c6-cdc2d274ea0e","ts":"2026-01-10T08:41:14.762-05:00","eventName":"n8n.workflow.started","message":"n8n.workflow.started","payload":{"executionId":"9","workflowId":"vV7VhZ1K8SM67v3VjEW6s","isManual":false,"workflowName":"Order Created - WhatsApp Notification (Evolution)"}}
{"__type":"$$EventMessageConfirm","confirm":"acf7bf15-0ae1-429f-97c6-cdc2d274ea0e","ts":"2026-01-10T08:41:14.762-05:00","source":{"id":"0","name":"eventBus"}}
{"__type":"$$EventMessageNode","id":"d04e7d05-0ac4-4353-8fbd-936bf8e65585","ts":"2026-01-10T08:41:14.763-05:00","eventName":"n8n.node.started","message":"n8n.node.started","payload":{"workflowId":"vV7VhZ1K8SM67v3VjEW6s","workflowName":"Order Created - WhatsApp Notification (Evolution)","executionId":"9","nodeType":"n8n-nodes-base.set","nodeName":"Extract Data","nodeId":"26399a8d-fe35-44ff-8dc8-dded8a51c6a3"}}
{"__type":"$$EventMessageConfirm","confirm":"d04e7d05-0ac4-4353-8fbd-936bf8e65585","ts":"2026-01-10T08:41:14.763-05:00","source":{"id":"0","name":"eventBus"}}
{"__type":"$$EventMessageNode","id":"18ca10fa-3a83-4d77-ba47-507688af0773","ts":"2026-01-10T08:41:14.764-05:00","eventName":"n8n.node.finished","message":"n8n.node.finished","payload":{"workflowId":"vV7VhZ1K8SM67v3VjEW6s","workflowName":"Order Created - WhatsApp Notification (Evolution)","executionId":"9","nodeType":"n8n-nodes-base.set","nodeName":"Extract Data","nodeId":"26399a8d-fe35-44ff-8dc8-dded8a51c6a3"}}
{"__type":"$$EventMessageConfirm","confirm":"18ca10fa-3a83-4d77-ba47-507688af0773","ts":"2026-01-10T08:41:14.765-05:00","source":{"id":"0","name":"eventBus"}}
{"__type":"$$EventMessageWorkflow","id":"d3415f96-04be-4369-a948-0a5f19f6a658","ts":"2026-01-10T08:41:14.765-05:00","eventName":"n8n.workflow.success","message":"n8n.workflow.success","payload":{"userId":"50d9029f-a956-4b07-8ddf-14d69becd54c","executionId":"9","success":true,"isManual":true,"workflowId":"vV7VhZ1K8SM67v3VjEW6s","workflowName":"Order Created - WhatsApp Notification (Evolution)"}}
{"__type":"$$EventMessageConfirm","confirm":"d3415f96-04be-4369-a948-0a5f19f6a658","ts":"2026-01-10T08:41:14.765-05:00","source":{"id":"0","name":"eventBus"}}
{"__type":"$$EventMessageWorkflow","id":"09d6fbd7-7ee1-44d8-a913-bc7a22211d83","ts":"2026-01-10T08:41:16.800-05:00","eventName":"n8n.workflow.started","message":"n8n.workflow.started","payload":{"executionId":"10","workflowId":"vV7VhZ1K8SM67v3VjEW6s","isManual":false,"workflowName":"Order Created - WhatsApp Notification (Evolution)"}}
{"__type":"$$EventMessageConfirm","confirm":"09d6fbd7-7ee1-44d8-a913-bc7a22211d83","ts":"2026-01-10T08:41:16.801-05:00","source":{"id":"0","name":"eventBus"}}
{"__type":"$$EventMessageNode","id":"eb579231-55c2-48ad-a086-ec256ecec180","ts":"2026-01-10T08:41:16.802-05:00","eventName":"n8n.node.started","message":"n8n.node.started","payload":{"workflowId":"vV7VhZ1K8SM67v3VjEW6s","workflowName":"Order Created - WhatsApp Notification (Evolution)","executionId":"10","nodeType":"n8n-nodes-base.httpRequest","nodeName":"Send WhatsApp (Evolution)","nodeId":"5c1c7b8f-de99-4817-901f-61fbd0f8b08f"}}
{"__type":"$$EventMessageConfirm","confirm":"eb579231-55c2-48ad-a086-ec256ecec180","ts":"2026-01-10T08:41:16.802-05:00","source":{"id":"0","name":"eventBus"}}
{"__type":"$$EventMessageNode","id":"c02c7427-6535-41a2-80e0-8b60affcc865","ts":"2026-01-10T08:41:18.222-05:00","eventName":"n8n.node.finished","message":"n8n.node.finished","payload":{"workflowId":"vV7VhZ1K8SM67v3VjEW6s","workflowName":"Order Created - WhatsApp Notification (Evolution)","executionId":"10","nodeType":"n8n-nodes-base.httpRequest","nodeName":"Send WhatsApp (Evolution)","nodeId":"5c1c7b8f-de99-4817-901f-61fbd0f8b08f"}}
{"__type":"$$EventMessageConfirm","confirm":"c02c7427-6535-41a2-80e0-8b60affcc865","ts":"2026-01-10T08:41:18.222-05:00","source":{"id":"0","name":"eventBus"}}
{"__type":"$$EventMessageWorkflow","id":"e4cb218d-58e1-4b3e-9464-ab18d9467e86","ts":"2026-01-10T08:41:18.223-05:00","eventName":"n8n.workflow.success","message":"n8n.workflow.success","payload":{"userId":"50d9029f-a956-4b07-8ddf-14d69becd54c","executionId":"10","success":true,"isManual":true,"workflowId":"vV7VhZ1K8SM67v3VjEW6s","workflowName":"Order Created - WhatsApp Notification (Evolution)"}}
{"__type":"$$EventMessageConfirm","confirm":"e4cb218d-58e1-4b3e-9464-ab18d9467e86","ts":"2026-01-10T08:41:18.223-05:00","source":{"id":"0","name":"eventBus"}}
{"__type":"$$EventMessageWorkflow","id":"368348e9-63fe-4f84-9a3e-35ba68a67ab9","ts":"2026-01-10T08:41:20.007-05:00","eventName":"n8n.workflow.started","message":"n8n.workflow.started","payload":{"executionId":"11","workflowId":"vV7VhZ1K8SM67v3VjEW6s","isManual":false,"workflowName":"Order Created - WhatsApp Notification (Evolution)"}}
{"__type":"$$EventMessageConfirm","confirm":"368348e9-63fe-4f84-9a3e-35ba68a67ab9","ts":"2026-01-10T08:41:20.008-05:00","source":{"id":"0","name":"eventBus"}}
{"__type":"$$EventMessageNode","id":"7f388d37-ef30-4902-bfc2-371ec9e0fd93","ts":"2026-01-10T08:41:20.008-05:00","eventName":"n8n.node.started","message":"n8n.node.started","payload":{"workflowId":"vV7VhZ1K8SM67v3VjEW6s","workflowName":"Order Created - WhatsApp Notification (Evolution)","executionId":"11","nodeType":"n8n-nodes-base.respondToWebhook","nodeName":"Respond to Webhook","nodeId":"42c376fb-46e2-4b07-b753-516466f8c8cb"}}
{"__type":"$$EventMessageConfirm","confirm":"7f388d37-ef30-4902-bfc2-371ec9e0fd93","ts":"2026-01-10T08:41:20.009-05:00","source":{"id":"0","name":"eventBus"}}
{"__type":"$$EventMessageNode","id":"ec11cf11-fdde-4296-b4e3-5f1b832ee6cc","ts":"2026-01-10T08:41:20.010-05:00","eventName":"n8n.node.finished","message":"n8n.node.finished","payload":{"workflowId":"vV7VhZ1K8SM67v3VjEW6s","workflowName":"Order Created - WhatsApp Notification (Evolution)","executionId":"11","nodeType":"n8n-nodes-base.respondToWebhook","nodeName":"Respond to Webhook","nodeId":"42c376fb-46e2-4b07-b753-516466f8c8cb"}}
{"__type":"$$EventMessageConfirm","confirm":"ec11cf11-fdde-4296-b4e3-5f1b832ee6cc","ts":"2026-01-10T08:41:20.010-05:00","source":{"id":"0","name":"eventBus"}}
{"__type":"$$EventMessageWorkflow","id":"5abf4130-e30c-4473-9bf4-f0bfc91271e7","ts":"2026-01-10T08:41:20.010-05:00","eventName":"n8n.workflow.success","message":"n8n.workflow.success","payload":{"userId":"50d9029f-a956-4b07-8ddf-14d69becd54c","executionId":"11","success":true,"isManual":true,"workflowId":"vV7VhZ1K8SM67v3VjEW6s","workflowName":"Order Created - WhatsApp Notification (Evolution)"}}
{"__type":"$$EventMessageConfirm","confirm":"5abf4130-e30c-4473-9bf4-f0bfc91271e7","ts":"2026-01-10T08:41:20.010-05:00","source":{"id":"0","name":"eventBus"}}
{"__type":"$$EventMessageWorkflow","id":"0fca8d12-03b0-4bd9-9a70-eefff3735281","ts":"2026-01-10T08:42:52.988-05:00","eventName":"n8n.workflow.started","message":"n8n.workflow.started","payload":{"executionId":"12","workflowId":"vV7VhZ1K8SM67v3VjEW6s","isManual":false,"workflowName":"Order Created - WhatsApp Notification (Evolution)"}}
{"__type":"$$EventMessageConfirm","confirm":"0fca8d12-03b0-4bd9-9a70-eefff3735281","ts":"2026-01-10T08:42:52.988-05:00","source":{"id":"0","name":"eventBus"}}
{"__type":"$$EventMessageNode","id":"cb2f9584-5001-424f-a412-e061c474a294","ts":"2026-01-10T08:42:52.989-05:00","eventName":"n8n.node.started","message":"n8n.node.started","payload":{"workflowId":"vV7VhZ1K8SM67v3VjEW6s","workflowName":"Order Created - WhatsApp Notification (Evolution)","executionId":"12","nodeType":"n8n-nodes-base.webhook","nodeName":"Webhook","nodeId":"647c9761-3d16-4dba-89eb-45a2f23bd13d"}}
{"__type":"$$EventMessageConfirm","confirm":"cb2f9584-5001-424f-a412-e061c474a294","ts":"2026-01-10T08:42:52.989-05:00","source":{"id":"0","name":"eventBus"}}
{"__type":"$$EventMessageNode","id":"e2c3e7ab-e3f8-4075-87dd-8f9a54035180","ts":"2026-01-10T08:42:52.989-05:00","eventName":"n8n.node.finished","message":"n8n.node.finished","payload":{"workflowId":"vV7VhZ1K8SM67v3VjEW6s","workflowName":"Order Created - WhatsApp Notification (Evolution)","executionId":"12","nodeType":"n8n-nodes-base.webhook","nodeName":"Webhook","nodeId":"647c9761-3d16-4dba-89eb-45a2f23bd13d"}}
{"__type":"$$EventMessageConfirm","confirm":"e2c3e7ab-e3f8-4075-87dd-8f9a54035180","ts":"2026-01-10T08:42:52.989-05:00","source":{"id":"0","name":"eventBus"}}
{"__type":"$$EventMessageWorkflow","id":"019f3bd6-6f1b-45ce-b757-be6f2279f2a9","ts":"2026-01-10T08:42:52.990-05:00","eventName":"n8n.workflow.success","message":"n8n.workflow.success","payload":{"executionId":"12","success":true,"isManual":true,"workflowId":"vV7VhZ1K8SM67v3VjEW6s","workflowName":"Order Created - WhatsApp Notification (Evolution)"}}
{"__type":"$$EventMessageConfirm","confirm":"019f3bd6-6f1b-45ce-b757-be6f2279f2a9","ts":"2026-01-10T08:42:52.990-05:00","source":{"id":"0","name":"eventBus"}}
{"__type":"$$EventMessageWorkflow","id":"e788572f-d60c-49bf-adf5-e5767aec48fd","ts":"2026-01-10T08:43:11.976-05:00","eventName":"n8n.workflow.started","message":"n8n.workflow.started","payload":{"executionId":"13","workflowId":"vV7VhZ1K8SM67v3VjEW6s","isManual":false,"workflowName":"Order Created - WhatsApp Notification (Evolution)"}}
{"__type":"$$EventMessageConfirm","confirm":"e788572f-d60c-49bf-adf5-e5767aec48fd","ts":"2026-01-10T08:43:11.976-05:00","source":{"id":"0","name":"eventBus"}}
{"__type":"$$EventMessageNode","id":"0ef2ac64-a625-44d4-b8f9-9419a072f618","ts":"2026-01-10T08:43:11.977-05:00","eventName":"n8n.node.started","message":"n8n.node.started","payload":{"workflowId":"vV7VhZ1K8SM67v3VjEW6s","workflowName":"Order Created - WhatsApp Notification (Evolution)","executionId":"13","nodeType":"n8n-nodes-base.webhook","nodeName":"Webhook","nodeId":"647c9761-3d16-4dba-89eb-45a2f23bd13d"}}
{"__type":"$$EventMessageConfirm","confirm":"0ef2ac64-a625-44d4-b8f9-9419a072f618","ts":"2026-01-10T08:43:11.977-05:00","source":{"id":"0","name":"eventBus"}}
{"__type":"$$EventMessageNode","id":"a5c6cd9d-038b-44ba-bb05-94df5c3c54f4","ts":"2026-01-10T08:43:11.977-05:00","eventName":"n8n.node.finished","message":"n8n.node.finished","payload":{"workflowId":"vV7VhZ1K8SM67v3VjEW6s","workflowName":"Order Created - WhatsApp Notification (Evolution)","executionId":"13","nodeType":"n8n-nodes-base.webhook","nodeName":"Webhook","nodeId":"647c9761-3d16-4dba-89eb-45a2f23bd13d"}}
{"__type":"$$EventMessageConfirm","confirm":"a5c6cd9d-038b-44ba-bb05-94df5c3c54f4","ts":"2026-01-10T08:43:11.977-05:00","source":{"id":"0","name":"eventBus"}}
{"__type":"$$EventMessageNode","id":"a66f31cb-328b-4e46-81fc-c48c05e5e82b","ts":"2026-01-10T08:43:11.977-05:00","eventName":"n8n.node.started","message":"n8n.node.started","payload":{"workflowId":"vV7VhZ1K8SM67v3VjEW6s","workflowName":"Order Created - WhatsApp Notification (Evolution)","executionId":"13","nodeType":"n8n-nodes-base.set","nodeName":"Extract Data","nodeId":"26399a8d-fe35-44ff-8dc8-dded8a51c6a3"}}
{"__type":"$$EventMessageConfirm","confirm":"a66f31cb-328b-4e46-81fc-c48c05e5e82b","ts":"2026-01-10T08:43:11.977-05:00","source":{"id":"0","name":"eventBus"}}
{"__type":"$$EventMessageNode","id":"baa3ea4d-e192-4c6c-a460-77eb8096aec7","ts":"2026-01-10T08:43:11.980-05:00","eventName":"n8n.node.finished","message":"n8n.node.finished","payload":{"workflowId":"vV7VhZ1K8SM67v3VjEW6s","workflowName":"Order Created - WhatsApp Notification (Evolution)","executionId":"13","nodeType":"n8n-nodes-base.set","nodeName":"Extract Data","nodeId":"26399a8d-fe35-44ff-8dc8-dded8a51c6a3"}}
{"__type":"$$EventMessageConfirm","confirm":"baa3ea4d-e192-4c6c-a460-77eb8096aec7","ts":"2026-01-10T08:43:11.980-05:00","source":{"id":"0","name":"eventBus"}}
{"__type":"$$EventMessageNode","id":"79d946bb-0c8f-4d77-aa5e-c5084f771e7b","ts":"2026-01-10T08:43:11.980-05:00","eventName":"n8n.node.started","message":"n8n.node.started","payload":{"workflowId":"vV7VhZ1K8SM67v3VjEW6s","workflowName":"Order Created - WhatsApp Notification (Evolution)","executionId":"13","nodeType":"n8n-nodes-base.httpRequest","nodeName":"Send WhatsApp (Evolution)","nodeId":"5c1c7b8f-de99-4817-901f-61fbd0f8b08f"}}
{"__type":"$$EventMessageConfirm","confirm":"79d946bb-0c8f-4d77-aa5e-c5084f771e7b","ts":"2026-01-10T08:43:11.980-05:00","source":{"id":"0","name":"eventBus"}}
{"__type":"$$EventMessageNode","id":"fb43221a-c266-4889-bbe1-b10102080f73","ts":"2026-01-10T08:43:15.634-05:00","eventName":"n8n.node.finished","message":"n8n.node.finished","payload":{"workflowId":"vV7VhZ1K8SM67v3VjEW6s","workflowName":"Order Created - WhatsApp Notification (Evolution)","executionId":"13","nodeType":"n8n-nodes-base.httpRequest","nodeName":"Send WhatsApp (Evolution)","nodeId":"5c1c7b8f-de99-4817-901f-61fbd0f8b08f"}}
{"__type":"$$EventMessageConfirm","confirm":"fb43221a-c266-4889-bbe1-b10102080f73","ts":"2026-01-10T08:43:15.634-05:00","source":{"id":"0","name":"eventBus"}}
{"__type":"$$EventMessageNode","id":"fdc12b25-0c9e-4a05-a5ad-5a99d17278b2","ts":"2026-01-10T08:43:15.635-05:00","eventName":"n8n.node.started","message":"n8n.node.started","payload":{"workflowId":"vV7VhZ1K8SM67v3VjEW6s","workflowName":"Order Created - WhatsApp Notification (Evolution)","executionId":"13","nodeType":"n8n-nodes-base.respondToWebhook","nodeName":"Respond to Webhook","nodeId":"42c376fb-46e2-4b07-b753-516466f8c8cb"}}
{"__type":"$$EventMessageConfirm","confirm":"fdc12b25-0c9e-4a05-a5ad-5a99d17278b2","ts":"2026-01-10T08:43:15.635-05:00","source":{"id":"0","name":"eventBus"}}
{"__type":"$$EventMessageNode","id":"b83435e8-3b36-4f3f-bc3d-4e2ec4119bd6","ts":"2026-01-10T08:43:15.637-05:00","eventName":"n8n.node.finished","message":"n8n.node.finished","payload":{"workflowId":"vV7VhZ1K8SM67v3VjEW6s","workflowName":"Order Created - WhatsApp Notification (Evolution)","executionId":"13","nodeType":"n8n-nodes-base.respondToWebhook","nodeName":"Respond to Webhook","nodeId":"42c376fb-46e2-4b07-b753-516466f8c8cb"}}
{"__type":"$$EventMessageConfirm","confirm":"b83435e8-3b36-4f3f-bc3d-4e2ec4119bd6","ts":"2026-01-10T08:43:15.637-05:00","source":{"id":"0","name":"eventBus"}}
{"__type":"$$EventMessageWorkflow","id":"f6bf5fe9-b91b-426a-a8de-fd0454341ef4","ts":"2026-01-10T08:43:15.637-05:00","eventName":"n8n.workflow.success","message":"n8n.workflow.success","payload":{"executionId":"13","success":true,"isManual":true,"workflowId":"vV7VhZ1K8SM67v3VjEW6s","workflowName":"Order Created - WhatsApp Notification (Evolution)"}}
{"__type":"$$EventMessageConfirm","confirm":"f6bf5fe9-b91b-426a-a8de-fd0454341ef4","ts":"2026-01-10T08:43:15.637-05:00","source":{"id":"0","name":"eventBus"}}
{"__type":"$$EventMessageAudit","id":"19dbf225-40cc-4a08-9aff-1c2c8170d394","ts":"2026-01-10T08:44:43.431-05:00","eventName":"n8n.audit.workflow.updated","message":"n8n.audit.workflow.updated","payload":{"userId":"50d9029f-a956-4b07-8ddf-14d69becd54c","_email":"felipeneneu@outlook.com","_firstName":"Felipe","_lastName":"Neneu","globalRole":"global:owner","workflowId":"vV7VhZ1K8SM67v3VjEW6s","workflowName":"Order Created - WhatsApp Notification (Evolution)"}}
{"__type":"$$EventMessageConfirm","confirm":"19dbf225-40cc-4a08-9aff-1c2c8170d394","ts":"2026-01-10T08:44:43.431-05:00","source":{"id":"0","name":"eventBus"}}
{"__type":"$$EventMessageAudit","id":"4de7ece9-a91e-43e9-87e3-1c92cc31649c","ts":"2026-01-10T08:45:23.029-05:00","eventName":"n8n.audit.workflow.updated","message":"n8n.audit.workflow.updated","payload":{"userId":"50d9029f-a956-4b07-8ddf-14d69becd54c","_email":"felipeneneu@outlook.com","_firstName":"Felipe","_lastName":"Neneu","globalRole":"global:owner","workflowId":"vV7VhZ1K8SM67v3VjEW6s","workflowName":"Order Created - WhatsApp Notification (Evolution)"}}
{"__type":"$$EventMessageConfirm","confirm":"4de7ece9-a91e-43e9-87e3-1c92cc31649c","ts":"2026-01-10T08:45:23.029-05:00","source":{"id":"0","name":"eventBus"}}
{"__type":"$$EventMessageWorkflow","id":"55a1df6b-4a34-4cba-b969-a1ea683cefec","ts":"2026-01-10T08:46:17.672-05:00","eventName":"n8n.workflow.started","message":"n8n.workflow.started","payload":{"executionId":"14","workflowId":"vV7VhZ1K8SM67v3VjEW6s","isManual":false,"workflowName":"Order Created - WhatsApp Notification (Evolution)"}}
{"__type":"$$EventMessageConfirm","confirm":"55a1df6b-4a34-4cba-b969-a1ea683cefec","ts":"2026-01-10T08:46:17.672-05:00","source":{"id":"0","name":"eventBus"}}
{"__type":"$$EventMessageNode","id":"66d590d3-ce32-471c-a0c8-4a11250c405e","ts":"2026-01-10T08:46:17.673-05:00","eventName":"n8n.node.started","message":"n8n.node.started","payload":{"workflowId":"vV7VhZ1K8SM67v3VjEW6s","workflowName":"Order Created - WhatsApp Notification (Evolution)","executionId":"14","nodeType":"n8n-nodes-base.webhook","nodeName":"Webhook","nodeId":"647c9761-3d16-4dba-89eb-45a2f23bd13d"}}
{"__type":"$$EventMessageConfirm","confirm":"66d590d3-ce32-471c-a0c8-4a11250c405e","ts":"2026-01-10T08:46:17.673-05:00","source":{"id":"0","name":"eventBus"}}
{"__type":"$$EventMessageNode","id":"21d8389f-1a51-4830-a2be-c88c6458efdd","ts":"2026-01-10T08:46:17.674-05:00","eventName":"n8n.node.finished","message":"n8n.node.finished","payload":{"workflowId":"vV7VhZ1K8SM67v3VjEW6s","workflowName":"Order Created - WhatsApp Notification (Evolution)","executionId":"14","nodeType":"n8n-nodes-base.webhook","nodeName":"Webhook","nodeId":"647c9761-3d16-4dba-89eb-45a2f23bd13d"}}
{"__type":"$$EventMessageConfirm","confirm":"21d8389f-1a51-4830-a2be-c88c6458efdd","ts":"2026-01-10T08:46:17.674-05:00","source":{"id":"0","name":"eventBus"}}
{"__type":"$$EventMessageNode","id":"fd27c41a-3a1d-497c-ba48-07d38f2b3433","ts":"2026-01-10T08:46:17.674-05:00","eventName":"n8n.node.started","message":"n8n.node.started","payload":{"workflowId":"vV7VhZ1K8SM67v3VjEW6s","workflowName":"Order Created - WhatsApp Notification (Evolution)","executionId":"14","nodeType":"n8n-nodes-base.set","nodeName":"Extract Data","nodeId":"26399a8d-fe35-44ff-8dc8-dded8a51c6a3"}}
{"__type":"$$EventMessageConfirm","confirm":"fd27c41a-3a1d-497c-ba48-07d38f2b3433","ts":"2026-01-10T08:46:17.674-05:00","source":{"id":"0","name":"eventBus"}}
{"__type":"$$EventMessageNode","id":"f9fc3ac8-8c2c-48ec-b793-2b013b57b428","ts":"2026-01-10T08:46:17.676-05:00","eventName":"n8n.node.finished","message":"n8n.node.finished","payload":{"workflowId":"vV7VhZ1K8SM67v3VjEW6s","workflowName":"Order Created - WhatsApp Notification (Evolution)","executionId":"14","nodeType":"n8n-nodes-base.set","nodeName":"Extract Data","nodeId":"26399a8d-fe35-44ff-8dc8-dded8a51c6a3"}}
{"__type":"$$EventMessageConfirm","confirm":"f9fc3ac8-8c2c-48ec-b793-2b013b57b428","ts":"2026-01-10T08:46:17.676-05:00","source":{"id":"0","name":"eventBus"}}
{"__type":"$$EventMessageNode","id":"fd5014a5-1c78-4fb5-8c16-142a0f7bf559","ts":"2026-01-10T08:46:17.677-05:00","eventName":"n8n.node.started","message":"n8n.node.started","payload":{"workflowId":"vV7VhZ1K8SM67v3VjEW6s","workflowName":"Order Created - WhatsApp Notification (Evolution)","executionId":"14","nodeType":"n8n-nodes-base.httpRequest","nodeName":"Send WhatsApp (Evolution)","nodeId":"5c1c7b8f-de99-4817-901f-61fbd0f8b08f"}}
{"__type":"$$EventMessageConfirm","confirm":"fd5014a5-1c78-4fb5-8c16-142a0f7bf559","ts":"2026-01-10T08:46:17.677-05:00","source":{"id":"0","name":"eventBus"}}
{"__type":"$$EventMessageNode","id":"b1c45787-9114-4d53-b5b3-11e707a5b067","ts":"2026-01-10T08:46:19.018-05:00","eventName":"n8n.node.finished","message":"n8n.node.finished","payload":{"workflowId":"vV7VhZ1K8SM67v3VjEW6s","workflowName":"Order Created - WhatsApp Notification (Evolution)","executionId":"14","nodeType":"n8n-nodes-base.httpRequest","nodeName":"Send WhatsApp (Evolution)","nodeId":"5c1c7b8f-de99-4817-901f-61fbd0f8b08f"}}
{"__type":"$$EventMessageConfirm","confirm":"b1c45787-9114-4d53-b5b3-11e707a5b067","ts":"2026-01-10T08:46:19.018-05:00","source":{"id":"0","name":"eventBus"}}
{"__type":"$$EventMessageNode","id":"0240207c-e6ec-4e6e-9f6a-0597d15214bd","ts":"2026-01-10T08:46:19.018-05:00","eventName":"n8n.node.started","message":"n8n.node.started","payload":{"workflowId":"vV7VhZ1K8SM67v3VjEW6s","workflowName":"Order Created - WhatsApp Notification (Evolution)","executionId":"14","nodeType":"n8n-nodes-base.respondToWebhook","nodeName":"Respond to Webhook","nodeId":"42c376fb-46e2-4b07-b753-516466f8c8cb"}}
{"__type":"$$EventMessageConfirm","confirm":"0240207c-e6ec-4e6e-9f6a-0597d15214bd","ts":"2026-01-10T08:46:19.018-05:00","source":{"id":"0","name":"eventBus"}}
{"__type":"$$EventMessageNode","id":"f0766358-13a4-4643-9b56-6594b2f50891","ts":"2026-01-10T08:46:19.020-05:00","eventName":"n8n.node.finished","message":"n8n.node.finished","payload":{"workflowId":"vV7VhZ1K8SM67v3VjEW6s","workflowName":"Order Created - WhatsApp Notification (Evolution)","executionId":"14","nodeType":"n8n-nodes-base.respondToWebhook","nodeName":"Respond to Webhook","nodeId":"42c376fb-46e2-4b07-b753-516466f8c8cb"}}
{"__type":"$$EventMessageConfirm","confirm":"f0766358-13a4-4643-9b56-6594b2f50891","ts":"2026-01-10T08:46:19.020-05:00","source":{"id":"0","name":"eventBus"}}
{"__type":"$$EventMessageWorkflow","id":"3c5f9cf9-3fb6-4870-bd2f-3f0c71d4ba63","ts":"2026-01-10T08:46:19.021-05:00","eventName":"n8n.workflow.success","message":"n8n.workflow.success","payload":{"executionId":"14","success":true,"isManual":true,"workflowId":"vV7VhZ1K8SM67v3VjEW6s","workflowName":"Order Created - WhatsApp Notification (Evolution)"}}
{"__type":"$$EventMessageConfirm","confirm":"3c5f9cf9-3fb6-4870-bd2f-3f0c71d4ba63","ts":"2026-01-10T08:46:19.021-05:00","source":{"id":"0","name":"eventBus"}}
{"__type":"$$EventMessageAudit","id":"ae035244-4f18-4de2-a9fe-264f7fa04177","ts":"2026-01-10T08:47:13.467-05:00","eventName":"n8n.audit.workflow.activated","message":"n8n.audit.workflow.activated","payload":{"userId":"50d9029f-a956-4b07-8ddf-14d69becd54c","_email":"felipeneneu@outlook.com","_firstName":"Felipe","_lastName":"Neneu","globalRole":"global:owner","workflowId":"vV7VhZ1K8SM67v3VjEW6s","workflowName":"Order Created - WhatsApp Notification (Evolution)","activeVersionId":"6d488d22-5e48-43c1-9fd7-d8fa2f2a992c"}}
{"__type":"$$EventMessageConfirm","confirm":"ae035244-4f18-4de2-a9fe-264f7fa04177","ts":"2026-01-10T08:47:13.467-05:00","source":{"id":"0","name":"eventBus"}}
{"__type":"$$EventMessageWorkflow","id":"3b6de08d-1a03-4e88-b7e5-eade6a633c57","ts":"2026-01-10T08:47:38.591-05:00","eventName":"n8n.workflow.started","message":"n8n.workflow.started","payload":{"executionId":"15","workflowId":"vV7VhZ1K8SM67v3VjEW6s","isManual":false,"workflowName":"Order Created - WhatsApp Notification (Evolution)"}}
{"__type":"$$EventMessageConfirm","confirm":"3b6de08d-1a03-4e88-b7e5-eade6a633c57","ts":"2026-01-10T08:47:38.591-05:00","source":{"id":"0","name":"eventBus"}}
{"__type":"$$EventMessageNode","id":"0a8bea77-e7eb-4da0-9b9b-6ac9d7431c3a","ts":"2026-01-10T08:47:38.592-05:00","eventName":"n8n.node.started","message":"n8n.node.started","payload":{"workflowId":"vV7VhZ1K8SM67v3VjEW6s","workflowName":"Order Created - WhatsApp Notification (Evolution)","executionId":"15","nodeType":"n8n-nodes-base.webhook","nodeName":"Webhook","nodeId":"647c9761-3d16-4dba-89eb-45a2f23bd13d"}}
{"__type":"$$EventMessageConfirm","confirm":"0a8bea77-e7eb-4da0-9b9b-6ac9d7431c3a","ts":"2026-01-10T08:47:38.592-05:00","source":{"id":"0","name":"eventBus"}}
{"__type":"$$EventMessageNode","id":"496b4e50-424e-4ce5-903f-e38d7e3c7f9a","ts":"2026-01-10T08:47:38.592-05:00","eventName":"n8n.node.finished","message":"n8n.node.finished","payload":{"workflowId":"vV7VhZ1K8SM67v3VjEW6s","workflowName":"Order Created - WhatsApp Notification (Evolution)","executionId":"15","nodeType":"n8n-nodes-base.webhook","nodeName":"Webhook","nodeId":"647c9761-3d16-4dba-89eb-45a2f23bd13d"}}
{"__type":"$$EventMessageConfirm","confirm":"496b4e50-424e-4ce5-903f-e38d7e3c7f9a","ts":"2026-01-10T08:47:38.592-05:00","source":{"id":"0","name":"eventBus"}}
{"__type":"$$EventMessageNode","id":"e6ebd63a-a50d-49d9-9c0e-6a5a994fafc7","ts":"2026-01-10T08:47:38.592-05:00","eventName":"n8n.node.started","message":"n8n.node.started","payload":{"workflowId":"vV7VhZ1K8SM67v3VjEW6s","workflowName":"Order Created - WhatsApp Notification (Evolution)","executionId":"15","nodeType":"n8n-nodes-base.set","nodeName":"Extract Data","nodeId":"26399a8d-fe35-44ff-8dc8-dded8a51c6a3"}}
{"__type":"$$EventMessageConfirm","confirm":"e6ebd63a-a50d-49d9-9c0e-6a5a994fafc7","ts":"2026-01-10T08:47:38.592-05:00","source":{"id":"0","name":"eventBus"}}
{"__type":"$$EventMessageNode","id":"fb3b7e1f-0fd6-4756-9c19-9d55888b7c58","ts":"2026-01-10T08:47:38.595-05:00","eventName":"n8n.node.finished","message":"n8n.node.finished","payload":{"workflowId":"vV7VhZ1K8SM67v3VjEW6s","workflowName":"Order Created - WhatsApp Notification (Evolution)","executionId":"15","nodeType":"n8n-nodes-base.set","nodeName":"Extract Data","nodeId":"26399a8d-fe35-44ff-8dc8-dded8a51c6a3"}}
{"__type":"$$EventMessageConfirm","confirm":"fb3b7e1f-0fd6-4756-9c19-9d55888b7c58","ts":"2026-01-10T08:47:38.595-05:00","source":{"id":"0","name":"eventBus"}}
{"__type":"$$EventMessageNode","id":"ac2a0e5e-c756-48b1-8554-151f70bc35b6","ts":"2026-01-10T08:47:38.595-05:00","eventName":"n8n.node.started","message":"n8n.node.started","payload":{"workflowId":"vV7VhZ1K8SM67v3VjEW6s","workflowName":"Order Created - WhatsApp Notification (Evolution)","executionId":"15","nodeType":"n8n-nodes-base.httpRequest","nodeName":"Send WhatsApp (Evolution)","nodeId":"5c1c7b8f-de99-4817-901f-61fbd0f8b08f"}}
{"__type":"$$EventMessageConfirm","confirm":"ac2a0e5e-c756-48b1-8554-151f70bc35b6","ts":"2026-01-10T08:47:38.595-05:00","source":{"id":"0","name":"eventBus"}}
{"__type":"$$EventMessageNode","id":"eab5e6b3-a935-42ae-ada7-ff79a86e3881","ts":"2026-01-10T08:47:39.934-05:00","eventName":"n8n.node.finished","message":"n8n.node.finished","payload":{"workflowId":"vV7VhZ1K8SM67v3VjEW6s","workflowName":"Order Created - WhatsApp Notification (Evolution)","executionId":"15","nodeType":"n8n-nodes-base.httpRequest","nodeName":"Send WhatsApp (Evolution)","nodeId":"5c1c7b8f-de99-4817-901f-61fbd0f8b08f"}}
{"__type":"$$EventMessageConfirm","confirm":"eab5e6b3-a935-42ae-ada7-ff79a86e3881","ts":"2026-01-10T08:47:39.934-05:00","source":{"id":"0","name":"eventBus"}}
{"__type":"$$EventMessageNode","id":"71bcce86-ce9c-4321-829e-272c5faf46ef","ts":"2026-01-10T08:47:39.934-05:00","eventName":"n8n.node.started","message":"n8n.node.started","payload":{"workflowId":"vV7VhZ1K8SM67v3VjEW6s","workflowName":"Order Created - WhatsApp Notification (Evolution)","executionId":"15","nodeType":"n8n-nodes-base.respondToWebhook","nodeName":"Respond to Webhook","nodeId":"42c376fb-46e2-4b07-b753-516466f8c8cb"}}
{"__type":"$$EventMessageConfirm","confirm":"71bcce86-ce9c-4321-829e-272c5faf46ef","ts":"2026-01-10T08:47:39.934-05:00","source":{"id":"0","name":"eventBus"}}
{"__type":"$$EventMessageNode","id":"d0d8f9d6-2c8a-4ac4-93c0-fac87369e37e","ts":"2026-01-10T08:47:39.935-05:00","eventName":"n8n.node.finished","message":"n8n.node.finished","payload":{"workflowId":"vV7VhZ1K8SM67v3VjEW6s","workflowName":"Order Created - WhatsApp Notification (Evolution)","executionId":"15","nodeType":"n8n-nodes-base.respondToWebhook","nodeName":"Respond to Webhook","nodeId":"42c376fb-46e2-4b07-b753-516466f8c8cb"}}
{"__type":"$$EventMessageConfirm","confirm":"d0d8f9d6-2c8a-4ac4-93c0-fac87369e37e","ts":"2026-01-10T08:47:39.935-05:00","source":{"id":"0","name":"eventBus"}}
{"__type":"$$EventMessageWorkflow","id":"b201a2be-f33e-44f3-92dc-d5239db42412","ts":"2026-01-10T08:47:39.935-05:00","eventName":"n8n.workflow.success","message":"n8n.workflow.success","payload":{"executionId":"15","success":true,"isManual":false,"workflowId":"vV7VhZ1K8SM67v3VjEW6s","workflowName":"Order Created - WhatsApp Notification (Evolution)"}}
{"__type":"$$EventMessageConfirm","confirm":"b201a2be-f33e-44f3-92dc-d5239db42412","ts":"2026-01-10T08:47:39.935-05:00","source":{"id":"0","name":"eventBus"}}
{"__type":"$$EventMessageWorkflow","id":"2e69474c-4de6-494e-8d36-dd6a98b3ac73","ts":"2026-01-10T08:51:41.959-05:00","eventName":"n8n.workflow.started","message":"n8n.workflow.started","payload":{"executionId":"16","workflowId":"vV7VhZ1K8SM67v3VjEW6s","isManual":false,"workflowName":"Order Created - WhatsApp Notification (Evolution)"}}
{"__type":"$$EventMessageConfirm","confirm":"2e69474c-4de6-494e-8d36-dd6a98b3ac73","ts":"2026-01-10T08:51:41.959-05:00","source":{"id":"0","name":"eventBus"}}
{"__type":"$$EventMessageNode","id":"bc40f1b5-226b-45e4-bbd0-39e532ea4123","ts":"2026-01-10T08:51:41.960-05:00","eventName":"n8n.node.started","message":"n8n.node.started","payload":{"workflowId":"vV7VhZ1K8SM67v3VjEW6s","workflowName":"Order Created - WhatsApp Notification (Evolution)","executionId":"16","nodeType":"n8n-nodes-base.webhook","nodeName":"Webhook","nodeId":"647c9761-3d16-4dba-89eb-45a2f23bd13d"}}
{"__type":"$$EventMessageConfirm","confirm":"bc40f1b5-226b-45e4-bbd0-39e532ea4123","ts":"2026-01-10T08:51:41.960-05:00","source":{"id":"0","name":"eventBus"}}
{"__type":"$$EventMessageNode","id":"d782ae61-537c-4171-840b-9c5832450fb2","ts":"2026-01-10T08:51:41.960-05:00","eventName":"n8n.node.finished","message":"n8n.node.finished","payload":{"workflowId":"vV7VhZ1K8SM67v3VjEW6s","workflowName":"Order Created - WhatsApp Notification (Evolution)","executionId":"16","nodeType":"n8n-nodes-base.webhook","nodeName":"Webhook","nodeId":"647c9761-3d16-4dba-89eb-45a2f23bd13d"}}
{"__type":"$$EventMessageConfirm","confirm":"d782ae61-537c-4171-840b-9c5832450fb2","ts":"2026-01-10T08:51:41.960-05:00","source":{"id":"0","name":"eventBus"}}
{"__type":"$$EventMessageNode","id":"20d21ac0-7721-4e83-bae1-25f8e12e5ba4","ts":"2026-01-10T08:51:41.960-05:00","eventName":"n8n.node.started","message":"n8n.node.started","payload":{"workflowId":"vV7VhZ1K8SM67v3VjEW6s","workflowName":"Order Created - WhatsApp Notification (Evolution)","executionId":"16","nodeType":"n8n-nodes-base.set","nodeName":"Extract Data","nodeId":"26399a8d-fe35-44ff-8dc8-dded8a51c6a3"}}
{"__type":"$$EventMessageConfirm","confirm":"20d21ac0-7721-4e83-bae1-25f8e12e5ba4","ts":"2026-01-10T08:51:41.960-05:00","source":{"id":"0","name":"eventBus"}}
{"__type":"$$EventMessageNode","id":"ccee06c0-d35c-4a46-beb7-72d522057418","ts":"2026-01-10T08:51:41.961-05:00","eventName":"n8n.node.finished","message":"n8n.node.finished","payload":{"workflowId":"vV7VhZ1K8SM67v3VjEW6s","workflowName":"Order Created - WhatsApp Notification (Evolution)","executionId":"16","nodeType":"n8n-nodes-base.set","nodeName":"Extract Data","nodeId":"26399a8d-fe35-44ff-8dc8-dded8a51c6a3"}}
{"__type":"$$EventMessageConfirm","confirm":"ccee06c0-d35c-4a46-beb7-72d522057418","ts":"2026-01-10T08:51:41.962-05:00","source":{"id":"0","name":"eventBus"}}
{"__type":"$$EventMessageNode","id":"c185ff1c-f010-4beb-8a25-42ec8712a2f5","ts":"2026-01-10T08:51:41.962-05:00","eventName":"n8n.node.started","message":"n8n.node.started","payload":{"workflowId":"vV7VhZ1K8SM67v3VjEW6s","workflowName":"Order Created - WhatsApp Notification (Evolution)","executionId":"16","nodeType":"n8n-nodes-base.httpRequest","nodeName":"Send WhatsApp (Evolution)","nodeId":"5c1c7b8f-de99-4817-901f-61fbd0f8b08f"}}
{"__type":"$$EventMessageConfirm","confirm":"c185ff1c-f010-4beb-8a25-42ec8712a2f5","ts":"2026-01-10T08:51:41.962-05:00","source":{"id":"0","name":"eventBus"}}
{"__type":"$$EventMessageNode","id":"d758082e-987c-42c0-86bb-f70f36e5f45f","ts":"2026-01-10T08:51:42.412-05:00","eventName":"n8n.node.finished","message":"n8n.node.finished","payload":{"workflowId":"vV7VhZ1K8SM67v3VjEW6s","workflowName":"Order Created - WhatsApp Notification (Evolution)","executionId":"16","nodeType":"n8n-nodes-base.httpRequest","nodeName":"Send WhatsApp (Evolution)","nodeId":"5c1c7b8f-de99-4817-901f-61fbd0f8b08f"}}
{"__type":"$$EventMessageConfirm","confirm":"d758082e-987c-42c0-86bb-f70f36e5f45f","ts":"2026-01-10T08:51:42.412-05:00","source":{"id":"0","name":"eventBus"}}
{"__type":"$$EventMessageNode","id":"6145808b-6589-42ab-8e79-5c05d416e4ae","ts":"2026-01-10T08:51:42.412-05:00","eventName":"n8n.node.started","message":"n8n.node.started","payload":{"workflowId":"vV7VhZ1K8SM67v3VjEW6s","workflowName":"Order Created - WhatsApp Notification (Evolution)","executionId":"16","nodeType":"n8n-nodes-base.respondToWebhook","nodeName":"Respond to Webhook","nodeId":"42c376fb-46e2-4b07-b753-516466f8c8cb"}}
{"__type":"$$EventMessageConfirm","confirm":"6145808b-6589-42ab-8e79-5c05d416e4ae","ts":"2026-01-10T08:51:42.413-05:00","source":{"id":"0","name":"eventBus"}}
{"__type":"$$EventMessageNode","id":"80e1ca47-e64e-4fa8-8adc-a032a97d67c7","ts":"2026-01-10T08:51:42.414-05:00","eventName":"n8n.node.finished","message":"n8n.node.finished","payload":{"workflowId":"vV7VhZ1K8SM67v3VjEW6s","workflowName":"Order Created - WhatsApp Notification (Evolution)","executionId":"16","nodeType":"n8n-nodes-base.respondToWebhook","nodeName":"Respond to Webhook","nodeId":"42c376fb-46e2-4b07-b753-516466f8c8cb"}}
{"__type":"$$EventMessageConfirm","confirm":"80e1ca47-e64e-4fa8-8adc-a032a97d67c7","ts":"2026-01-10T08:51:42.414-05:00","source":{"id":"0","name":"eventBus"}}
{"__type":"$$EventMessageWorkflow","id":"58793605-b3c2-49e0-a992-717e91836e4e","ts":"2026-01-10T08:51:42.414-05:00","eventName":"n8n.workflow.success","message":"n8n.workflow.success","payload":{"executionId":"16","success":true,"isManual":false,"workflowId":"vV7VhZ1K8SM67v3VjEW6s","workflowName":"Order Created - WhatsApp Notification (Evolution)"}}
{"__type":"$$EventMessageConfirm","confirm":"58793605-b3c2-49e0-a992-717e91836e4e","ts":"2026-01-10T08:51:42.414-05:00","source":{"id":"0","name":"eventBus"}}
{"__type":"$$EventMessageWorkflow","id":"c8eec99a-8992-43b5-903b-665d86c8eeb3","ts":"2026-01-10T08:53:33.775-05:00","eventName":"n8n.workflow.started","message":"n8n.workflow.started","payload":{"executionId":"17","workflowId":"vV7VhZ1K8SM67v3VjEW6s","isManual":false,"workflowName":"Order Created - WhatsApp Notification (Evolution)"}}
{"__type":"$$EventMessageConfirm","confirm":"c8eec99a-8992-43b5-903b-665d86c8eeb3","ts":"2026-01-10T08:53:33.776-05:00","source":{"id":"0","name":"eventBus"}}
{"__type":"$$EventMessageNode","id":"40cf0c6e-6121-4230-b8cd-e5f608171b1a","ts":"2026-01-10T08:53:33.776-05:00","eventName":"n8n.node.started","message":"n8n.node.started","payload":{"workflowId":"vV7VhZ1K8SM67v3VjEW6s","workflowName":"Order Created - WhatsApp Notification (Evolution)","executionId":"17","nodeType":"n8n-nodes-base.webhook","nodeName":"Webhook","nodeId":"647c9761-3d16-4dba-89eb-45a2f23bd13d"}}
{"__type":"$$EventMessageConfirm","confirm":"40cf0c6e-6121-4230-b8cd-e5f608171b1a","ts":"2026-01-10T08:53:33.776-05:00","source":{"id":"0","name":"eventBus"}}
{"__type":"$$EventMessageNode","id":"19257930-b067-47f3-907d-e29ee81cc931","ts":"2026-01-10T08:53:33.777-05:00","eventName":"n8n.node.finished","message":"n8n.node.finished","payload":{"workflowId":"vV7VhZ1K8SM67v3VjEW6s","workflowName":"Order Created - WhatsApp Notification (Evolution)","executionId":"17","nodeType":"n8n-nodes-base.webhook","nodeName":"Webhook","nodeId":"647c9761-3d16-4dba-89eb-45a2f23bd13d"}}
{"__type":"$$EventMessageConfirm","confirm":"19257930-b067-47f3-907d-e29ee81cc931","ts":"2026-01-10T08:53:33.777-05:00","source":{"id":"0","name":"eventBus"}}
{"__type":"$$EventMessageWorkflow","id":"2cd502ae-5c68-4969-986d-acb8ab235c9a","ts":"2026-01-10T08:53:33.778-05:00","eventName":"n8n.workflow.success","message":"n8n.workflow.success","payload":{"executionId":"17","success":true,"isManual":true,"workflowId":"vV7VhZ1K8SM67v3VjEW6s","workflowName":"Order Created - WhatsApp Notification (Evolution)"}}
{"__type":"$$EventMessageConfirm","confirm":"2cd502ae-5c68-4969-986d-acb8ab235c9a","ts":"2026-01-10T08:53:33.778-05:00","source":{"id":"0","name":"eventBus"}}
{"__type":"$$EventMessageWorkflow","id":"1daa017e-fdfa-47d6-b3d8-fd921a81a568","ts":"2026-01-10T08:53:39.478-05:00","eventName":"n8n.workflow.started","message":"n8n.workflow.started","payload":{"executionId":"18","workflowId":"vV7VhZ1K8SM67v3VjEW6s","isManual":false,"workflowName":"Order Created - WhatsApp Notification (Evolution)"}}
{"__type":"$$EventMessageConfirm","confirm":"1daa017e-fdfa-47d6-b3d8-fd921a81a568","ts":"2026-01-10T08:53:39.479-05:00","source":{"id":"0","name":"eventBus"}}
{"__type":"$$EventMessageNode","id":"3cd5e95e-349e-4a74-8291-25342fcc43bb","ts":"2026-01-10T08:53:39.479-05:00","eventName":"n8n.node.started","message":"n8n.node.started","payload":{"workflowId":"vV7VhZ1K8SM67v3VjEW6s","workflowName":"Order Created - WhatsApp Notification (Evolution)","executionId":"18","nodeType":"n8n-nodes-base.webhook","nodeName":"Webhook","nodeId":"647c9761-3d16-4dba-89eb-45a2f23bd13d"}}
{"__type":"$$EventMessageConfirm","confirm":"3cd5e95e-349e-4a74-8291-25342fcc43bb","ts":"2026-01-10T08:53:39.479-05:00","source":{"id":"0","name":"eventBus"}}
{"__type":"$$EventMessageNode","id":"258ce857-ee4a-4e5f-ad72-74153130f7b6","ts":"2026-01-10T08:53:39.479-05:00","eventName":"n8n.node.finished","message":"n8n.node.finished","payload":{"workflowId":"vV7VhZ1K8SM67v3VjEW6s","workflowName":"Order Created - WhatsApp Notification (Evolution)","executionId":"18","nodeType":"n8n-nodes-base.webhook","nodeName":"Webhook","nodeId":"647c9761-3d16-4dba-89eb-45a2f23bd13d"}}
{"__type":"$$EventMessageConfirm","confirm":"258ce857-ee4a-4e5f-ad72-74153130f7b6","ts":"2026-01-10T08:53:39.479-05:00","source":{"id":"0","name":"eventBus"}}
{"__type":"$$EventMessageNode","id":"84005f3c-e6fd-459a-9f14-84eafbb6e51c","ts":"2026-01-10T08:53:39.480-05:00","eventName":"n8n.node.started","message":"n8n.node.started","payload":{"workflowId":"vV7VhZ1K8SM67v3VjEW6s","workflowName":"Order Created - WhatsApp Notification (Evolution)","executionId":"18","nodeType":"n8n-nodes-base.set","nodeName":"Extract Data","nodeId":"26399a8d-fe35-44ff-8dc8-dded8a51c6a3"}}
{"__type":"$$EventMessageConfirm","confirm":"84005f3c-e6fd-459a-9f14-84eafbb6e51c","ts":"2026-01-10T08:53:39.480-05:00","source":{"id":"0","name":"eventBus"}}
{"__type":"$$EventMessageNode","id":"26fa2834-6ade-4895-91b1-f41e2f3519ed","ts":"2026-01-10T08:53:39.482-05:00","eventName":"n8n.node.finished","message":"n8n.node.finished","payload":{"workflowId":"vV7VhZ1K8SM67v3VjEW6s","workflowName":"Order Created - WhatsApp Notification (Evolution)","executionId":"18","nodeType":"n8n-nodes-base.set","nodeName":"Extract Data","nodeId":"26399a8d-fe35-44ff-8dc8-dded8a51c6a3"}}
{"__type":"$$EventMessageConfirm","confirm":"26fa2834-6ade-4895-91b1-f41e2f3519ed","ts":"2026-01-10T08:53:39.482-05:00","source":{"id":"0","name":"eventBus"}}
{"__type":"$$EventMessageNode","id":"92327bad-3930-4e68-b654-f56df937d9b5","ts":"2026-01-10T08:53:39.483-05:00","eventName":"n8n.node.started","message":"n8n.node.started","payload":{"workflowId":"vV7VhZ1K8SM67v3VjEW6s","workflowName":"Order Created - WhatsApp Notification (Evolution)","executionId":"18","nodeType":"n8n-nodes-base.httpRequest","nodeName":"Send WhatsApp (Evolution)","nodeId":"5c1c7b8f-de99-4817-901f-61fbd0f8b08f"}}
{"__type":"$$EventMessageConfirm","confirm":"92327bad-3930-4e68-b654-f56df937d9b5","ts":"2026-01-10T08:53:39.483-05:00","source":{"id":"0","name":"eventBus"}}
{"__type":"$$EventMessageNode","id":"f6a451c7-e70d-46f5-a75b-b5f0436d0960","ts":"2026-01-10T08:53:40.794-05:00","eventName":"n8n.node.finished","message":"n8n.node.finished","payload":{"workflowId":"vV7VhZ1K8SM67v3VjEW6s","workflowName":"Order Created - WhatsApp Notification (Evolution)","executionId":"18","nodeType":"n8n-nodes-base.httpRequest","nodeName":"Send WhatsApp (Evolution)","nodeId":"5c1c7b8f-de99-4817-901f-61fbd0f8b08f"}}
{"__type":"$$EventMessageConfirm","confirm":"f6a451c7-e70d-46f5-a75b-b5f0436d0960","ts":"2026-01-10T08:53:40.794-05:00","source":{"id":"0","name":"eventBus"}}
{"__type":"$$EventMessageNode","id":"c6d3ef3d-cfca-4b3a-a328-4fa2df8f2cc4","ts":"2026-01-10T08:53:40.795-05:00","eventName":"n8n.node.started","message":"n8n.node.started","payload":{"workflowId":"vV7VhZ1K8SM67v3VjEW6s","workflowName":"Order Created - WhatsApp Notification (Evolution)","executionId":"18","nodeType":"n8n-nodes-base.respondToWebhook","nodeName":"Respond to Webhook","nodeId":"42c376fb-46e2-4b07-b753-516466f8c8cb"}}
{"__type":"$$EventMessageConfirm","confirm":"c6d3ef3d-cfca-4b3a-a328-4fa2df8f2cc4","ts":"2026-01-10T08:53:40.795-05:00","source":{"id":"0","name":"eventBus"}}
{"__type":"$$EventMessageNode","id":"ee535c02-57e3-4c8a-b2d1-d67624e8ff20","ts":"2026-01-10T08:53:40.796-05:00","eventName":"n8n.node.finished","message":"n8n.node.finished","payload":{"workflowId":"vV7VhZ1K8SM67v3VjEW6s","workflowName":"Order Created - WhatsApp Notification (Evolution)","executionId":"18","nodeType":"n8n-nodes-base.respondToWebhook","nodeName":"Respond to Webhook","nodeId":"42c376fb-46e2-4b07-b753-516466f8c8cb"}}
{"__type":"$$EventMessageConfirm","confirm":"ee535c02-57e3-4c8a-b2d1-d67624e8ff20","ts":"2026-01-10T08:53:40.796-05:00","source":{"id":"0","name":"eventBus"}}
{"__type":"$$EventMessageWorkflow","id":"60d94818-81e1-4fc8-9b90-2853bf4a9456","ts":"2026-01-10T08:53:40.797-05:00","eventName":"n8n.workflow.success","message":"n8n.workflow.success","payload":{"executionId":"18","success":true,"isManual":true,"workflowId":"vV7VhZ1K8SM67v3VjEW6s","workflowName":"Order Created - WhatsApp Notification (Evolution)"}}
{"__type":"$$EventMessageConfirm","confirm":"60d94818-81e1-4fc8-9b90-2853bf4a9456","ts":"2026-01-10T08:53:40.797-05:00","source":{"id":"0","name":"eventBus"}}
{"__type":"$$EventMessageWorkflow","id":"210d4f50-fff6-48ed-9d0f-a0323048d3b2","ts":"2026-01-10T08:57:10.816-05:00","eventName":"n8n.workflow.started","message":"n8n.workflow.started","payload":{"executionId":"19","workflowId":"vV7VhZ1K8SM67v3VjEW6s","isManual":false,"workflowName":"Order Created - WhatsApp Notification (Evolution)"}}
{"__type":"$$EventMessageConfirm","confirm":"210d4f50-fff6-48ed-9d0f-a0323048d3b2","ts":"2026-01-10T08:57:10.816-05:00","source":{"id":"0","name":"eventBus"}}
{"__type":"$$EventMessageNode","id":"3fa2850f-85c7-4e78-b268-f47d850b9e65","ts":"2026-01-10T08:57:10.816-05:00","eventName":"n8n.node.started","message":"n8n.node.started","payload":{"workflowId":"vV7VhZ1K8SM67v3VjEW6s","workflowName":"Order Created - WhatsApp Notification (Evolution)","executionId":"19","nodeType":"n8n-nodes-base.webhook","nodeName":"Webhook","nodeId":"647c9761-3d16-4dba-89eb-45a2f23bd13d"}}
{"__type":"$$EventMessageConfirm","confirm":"3fa2850f-85c7-4e78-b268-f47d850b9e65","ts":"2026-01-10T08:57:10.816-05:00","source":{"id":"0","name":"eventBus"}}
{"__type":"$$EventMessageNode","id":"f3decb93-2497-48ae-8d6f-6edf04240c8a","ts":"2026-01-10T08:57:10.816-05:00","eventName":"n8n.node.finished","message":"n8n.node.finished","payload":{"workflowId":"vV7VhZ1K8SM67v3VjEW6s","workflowName":"Order Created - WhatsApp Notification (Evolution)","executionId":"19","nodeType":"n8n-nodes-base.webhook","nodeName":"Webhook","nodeId":"647c9761-3d16-4dba-89eb-45a2f23bd13d"}}
{"__type":"$$EventMessageConfirm","confirm":"f3decb93-2497-48ae-8d6f-6edf04240c8a","ts":"2026-01-10T08:57:10.816-05:00","source":{"id":"0","name":"eventBus"}}
{"__type":"$$EventMessageNode","id":"bf200226-ea60-479c-b5ed-3117b5a5c381","ts":"2026-01-10T08:57:10.816-05:00","eventName":"n8n.node.started","message":"n8n.node.started","payload":{"workflowId":"vV7VhZ1K8SM67v3VjEW6s","workflowName":"Order Created - WhatsApp Notification (Evolution)","executionId":"19","nodeType":"n8n-nodes-base.set","nodeName":"Extract Data","nodeId":"26399a8d-fe35-44ff-8dc8-dded8a51c6a3"}}
{"__type":"$$EventMessageConfirm","confirm":"bf200226-ea60-479c-b5ed-3117b5a5c381","ts":"2026-01-10T08:57:10.816-05:00","source":{"id":"0","name":"eventBus"}}
{"__type":"$$EventMessageNode","id":"4672766b-61bd-4e3e-87a5-0a49b8510263","ts":"2026-01-10T08:57:10.818-05:00","eventName":"n8n.node.finished","message":"n8n.node.finished","payload":{"workflowId":"vV7VhZ1K8SM67v3VjEW6s","workflowName":"Order Created - WhatsApp Notification (Evolution)","executionId":"19","nodeType":"n8n-nodes-base.set","nodeName":"Extract Data","nodeId":"26399a8d-fe35-44ff-8dc8-dded8a51c6a3"}}
{"__type":"$$EventMessageConfirm","confirm":"4672766b-61bd-4e3e-87a5-0a49b8510263","ts":"2026-01-10T08:57:10.818-05:00","source":{"id":"0","name":"eventBus"}}
{"__type":"$$EventMessageNode","id":"675fd1fa-1eee-430f-ab9b-aed93a402396","ts":"2026-01-10T08:57:10.818-05:00","eventName":"n8n.node.started","message":"n8n.node.started","payload":{"workflowId":"vV7VhZ1K8SM67v3VjEW6s","workflowName":"Order Created - WhatsApp Notification (Evolution)","executionId":"19","nodeType":"n8n-nodes-base.httpRequest","nodeName":"Send WhatsApp (Evolution)","nodeId":"5c1c7b8f-de99-4817-901f-61fbd0f8b08f"}}
{"__type":"$$EventMessageConfirm","confirm":"675fd1fa-1eee-430f-ab9b-aed93a402396","ts":"2026-01-10T08:57:10.818-05:00","source":{"id":"0","name":"eventBus"}}
{"__type":"$$EventMessageNode","id":"e018126d-10d9-4910-aee7-538186847635","ts":"2026-01-10T08:57:11.247-05:00","eventName":"n8n.node.finished","message":"n8n.node.finished","payload":{"workflowId":"vV7VhZ1K8SM67v3VjEW6s","workflowName":"Order Created - WhatsApp Notification (Evolution)","executionId":"19","nodeType":"n8n-nodes-base.httpRequest","nodeName":"Send WhatsApp (Evolution)","nodeId":"5c1c7b8f-de99-4817-901f-61fbd0f8b08f"}}
{"__type":"$$EventMessageConfirm","confirm":"e018126d-10d9-4910-aee7-538186847635","ts":"2026-01-10T08:57:11.247-05:00","source":{"id":"0","name":"eventBus"}}
{"__type":"$$EventMessageNode","id":"758c9443-f3d1-476d-825d-2db2364a4f1c","ts":"2026-01-10T08:57:11.247-05:00","eventName":"n8n.node.started","message":"n8n.node.started","payload":{"workflowId":"vV7VhZ1K8SM67v3VjEW6s","workflowName":"Order Created - WhatsApp Notification (Evolution)","executionId":"19","nodeType":"n8n-nodes-base.respondToWebhook","nodeName":"Respond to Webhook","nodeId":"42c376fb-46e2-4b07-b753-516466f8c8cb"}}
{"__type":"$$EventMessageConfirm","confirm":"758c9443-f3d1-476d-825d-2db2364a4f1c","ts":"2026-01-10T08:57:11.247-05:00","source":{"id":"0","name":"eventBus"}}
{"__type":"$$EventMessageNode","id":"97a0395e-b3f8-4b8d-b2a8-6e46ea448c89","ts":"2026-01-10T08:57:11.248-05:00","eventName":"n8n.node.finished","message":"n8n.node.finished","payload":{"workflowId":"vV7VhZ1K8SM67v3VjEW6s","workflowName":"Order Created - WhatsApp Notification (Evolution)","executionId":"19","nodeType":"n8n-nodes-base.respondToWebhook","nodeName":"Respond to Webhook","nodeId":"42c376fb-46e2-4b07-b753-516466f8c8cb"}}
{"__type":"$$EventMessageConfirm","confirm":"97a0395e-b3f8-4b8d-b2a8-6e46ea448c89","ts":"2026-01-10T08:57:11.248-05:00","source":{"id":"0","name":"eventBus"}}
{"__type":"$$EventMessageWorkflow","id":"ffaa2173-e1ba-435e-80a1-6ff3920d5730","ts":"2026-01-10T08:57:11.248-05:00","eventName":"n8n.workflow.success","message":"n8n.workflow.success","payload":{"executionId":"19","success":true,"isManual":false,"workflowId":"vV7VhZ1K8SM67v3VjEW6s","workflowName":"Order Created - WhatsApp Notification (Evolution)"}}
{"__type":"$$EventMessageConfirm","confirm":"ffaa2173-e1ba-435e-80a1-6ff3920d5730","ts":"2026-01-10T08:57:11.248-05:00","source":{"id":"0","name":"eventBus"}}
{"__type":"$$EventMessageWorkflow","id":"6dd2f53b-921b-4eb7-823b-31cc10cd2961","ts":"2026-01-10T08:58:37.045-05:00","eventName":"n8n.workflow.started","message":"n8n.workflow.started","payload":{"executionId":"20","workflowId":"vV7VhZ1K8SM67v3VjEW6s","isManual":false,"workflowName":"Order Created - WhatsApp Notification (Evolution)"}}
{"__type":"$$EventMessageConfirm","confirm":"6dd2f53b-921b-4eb7-823b-31cc10cd2961","ts":"2026-01-10T08:58:37.045-05:00","source":{"id":"0","name":"eventBus"}}
{"__type":"$$EventMessageNode","id":"a865e6be-9f1d-47e2-a431-5aea0980fa80","ts":"2026-01-10T08:58:37.045-05:00","eventName":"n8n.node.started","message":"n8n.node.started","payload":{"workflowId":"vV7VhZ1K8SM67v3VjEW6s","workflowName":"Order Created - WhatsApp Notification (Evolution)","executionId":"20","nodeType":"n8n-nodes-base.webhook","nodeName":"Webhook","nodeId":"647c9761-3d16-4dba-89eb-45a2f23bd13d"}}
{"__type":"$$EventMessageConfirm","confirm":"a865e6be-9f1d-47e2-a431-5aea0980fa80","ts":"2026-01-10T08:58:37.045-05:00","source":{"id":"0","name":"eventBus"}}
{"__type":"$$EventMessageNode","id":"22cd5862-732f-4227-8803-85d56ce57a4f","ts":"2026-01-10T08:58:37.045-05:00","eventName":"n8n.node.finished","message":"n8n.node.finished","payload":{"workflowId":"vV7VhZ1K8SM67v3VjEW6s","workflowName":"Order Created - WhatsApp Notification (Evolution)","executionId":"20","nodeType":"n8n-nodes-base.webhook","nodeName":"Webhook","nodeId":"647c9761-3d16-4dba-89eb-45a2f23bd13d"}}
{"__type":"$$EventMessageConfirm","confirm":"22cd5862-732f-4227-8803-85d56ce57a4f","ts":"2026-01-10T08:58:37.045-05:00","source":{"id":"0","name":"eventBus"}}
{"__type":"$$EventMessageNode","id":"be9e4a2a-b217-4cef-ba85-2622416bac39","ts":"2026-01-10T08:58:37.045-05:00","eventName":"n8n.node.started","message":"n8n.node.started","payload":{"workflowId":"vV7VhZ1K8SM67v3VjEW6s","workflowName":"Order Created - WhatsApp Notification (Evolution)","executionId":"20","nodeType":"n8n-nodes-base.set","nodeName":"Extract Data","nodeId":"26399a8d-fe35-44ff-8dc8-dded8a51c6a3"}}
{"__type":"$$EventMessageConfirm","confirm":"be9e4a2a-b217-4cef-ba85-2622416bac39","ts":"2026-01-10T08:58:37.045-05:00","source":{"id":"0","name":"eventBus"}}
{"__type":"$$EventMessageNode","id":"4e9d02eb-e7f4-45ee-a39a-27fb50fff76a","ts":"2026-01-10T08:58:37.046-05:00","eventName":"n8n.node.finished","message":"n8n.node.finished","payload":{"workflowId":"vV7VhZ1K8SM67v3VjEW6s","workflowName":"Order Created - WhatsApp Notification (Evolution)","executionId":"20","nodeType":"n8n-nodes-base.set","nodeName":"Extract Data","nodeId":"26399a8d-fe35-44ff-8dc8-dded8a51c6a3"}}
{"__type":"$$EventMessageConfirm","confirm":"4e9d02eb-e7f4-45ee-a39a-27fb50fff76a","ts":"2026-01-10T08:58:37.046-05:00","source":{"id":"0","name":"eventBus"}}
{"__type":"$$EventMessageNode","id":"eba29595-e70a-484a-b6f1-f44f562f2a96","ts":"2026-01-10T08:58:37.046-05:00","eventName":"n8n.node.started","message":"n8n.node.started","payload":{"workflowId":"vV7VhZ1K8SM67v3VjEW6s","workflowName":"Order Created - WhatsApp Notification (Evolution)","executionId":"20","nodeType":"n8n-nodes-base.httpRequest","nodeName":"Send WhatsApp (Evolution)","nodeId":"5c1c7b8f-de99-4817-901f-61fbd0f8b08f"}}
{"__type":"$$EventMessageConfirm","confirm":"eba29595-e70a-484a-b6f1-f44f562f2a96","ts":"2026-01-10T08:58:37.046-05:00","source":{"id":"0","name":"eventBus"}}
{"__type":"$$EventMessageNode","id":"bf60c57c-f320-4f44-95be-6d0827d82154","ts":"2026-01-10T08:58:38.366-05:00","eventName":"n8n.node.finished","message":"n8n.node.finished","payload":{"workflowId":"vV7VhZ1K8SM67v3VjEW6s","workflowName":"Order Created - WhatsApp Notification (Evolution)","executionId":"20","nodeType":"n8n-nodes-base.httpRequest","nodeName":"Send WhatsApp (Evolution)","nodeId":"5c1c7b8f-de99-4817-901f-61fbd0f8b08f"}}
{"__type":"$$EventMessageConfirm","confirm":"bf60c57c-f320-4f44-95be-6d0827d82154","ts":"2026-01-10T08:58:38.366-05:00","source":{"id":"0","name":"eventBus"}}
{"__type":"$$EventMessageNode","id":"8492c94c-a9be-4b0c-b649-d23381ffcfb9","ts":"2026-01-10T08:58:38.366-05:00","eventName":"n8n.node.started","message":"n8n.node.started","payload":{"workflowId":"vV7VhZ1K8SM67v3VjEW6s","workflowName":"Order Created - WhatsApp Notification (Evolution)","executionId":"20","nodeType":"n8n-nodes-base.respondToWebhook","nodeName":"Respond to Webhook","nodeId":"42c376fb-46e2-4b07-b753-516466f8c8cb"}}
{"__type":"$$EventMessageConfirm","confirm":"8492c94c-a9be-4b0c-b649-d23381ffcfb9","ts":"2026-01-10T08:58:38.367-05:00","source":{"id":"0","name":"eventBus"}}
{"__type":"$$EventMessageNode","id":"efaa56d2-c037-41c8-aec8-1ea1a7329863","ts":"2026-01-10T08:58:38.368-05:00","eventName":"n8n.node.finished","message":"n8n.node.finished","payload":{"workflowId":"vV7VhZ1K8SM67v3VjEW6s","workflowName":"Order Created - WhatsApp Notification (Evolution)","executionId":"20","nodeType":"n8n-nodes-base.respondToWebhook","nodeName":"Respond to Webhook","nodeId":"42c376fb-46e2-4b07-b753-516466f8c8cb"}}
{"__type":"$$EventMessageConfirm","confirm":"efaa56d2-c037-41c8-aec8-1ea1a7329863","ts":"2026-01-10T08:58:38.368-05:00","source":{"id":"0","name":"eventBus"}}
{"__type":"$$EventMessageWorkflow","id":"ad171628-3c62-4296-bc0b-651576e6cc12","ts":"2026-01-10T08:58:38.368-05:00","eventName":"n8n.workflow.success","message":"n8n.workflow.success","payload":{"executionId":"20","success":true,"isManual":false,"workflowId":"vV7VhZ1K8SM67v3VjEW6s","workflowName":"Order Created - WhatsApp Notification (Evolution)"}}
{"__type":"$$EventMessageConfirm","confirm":"ad171628-3c62-4296-bc0b-651576e6cc12","ts":"2026-01-10T08:58:38.369-05:00","source":{"id":"0","name":"eventBus"}}
{"__type":"$$EventMessageWorkflow","id":"f6afd228-850c-4c5d-bb7b-ac99d92c2898","ts":"2026-01-10T09:00:30.453-05:00","eventName":"n8n.workflow.started","message":"n8n.workflow.started","payload":{"executionId":"21","workflowId":"vV7VhZ1K8SM67v3VjEW6s","isManual":false,"workflowName":"Order Created - WhatsApp Notification (Evolution)"}}
{"__type":"$$EventMessageConfirm","confirm":"f6afd228-850c-4c5d-bb7b-ac99d92c2898","ts":"2026-01-10T09:00:30.454-05:00","source":{"id":"0","name":"eventBus"}}
{"__type":"$$EventMessageNode","id":"310a2899-3cd5-430f-b091-54e96f472def","ts":"2026-01-10T09:00:30.454-05:00","eventName":"n8n.node.started","message":"n8n.node.started","payload":{"workflowId":"vV7VhZ1K8SM67v3VjEW6s","workflowName":"Order Created - WhatsApp Notification (Evolution)","executionId":"21","nodeType":"n8n-nodes-base.webhook","nodeName":"Webhook","nodeId":"647c9761-3d16-4dba-89eb-45a2f23bd13d"}}
{"__type":"$$EventMessageConfirm","confirm":"310a2899-3cd5-430f-b091-54e96f472def","ts":"2026-01-10T09:00:30.454-05:00","source":{"id":"0","name":"eventBus"}}
{"__type":"$$EventMessageNode","id":"397d28cf-ad56-4c6c-9db8-46b97c2645da","ts":"2026-01-10T09:00:30.454-05:00","eventName":"n8n.node.finished","message":"n8n.node.finished","payload":{"workflowId":"vV7VhZ1K8SM67v3VjEW6s","workflowName":"Order Created - WhatsApp Notification (Evolution)","executionId":"21","nodeType":"n8n-nodes-base.webhook","nodeName":"Webhook","nodeId":"647c9761-3d16-4dba-89eb-45a2f23bd13d"}}
{"__type":"$$EventMessageConfirm","confirm":"397d28cf-ad56-4c6c-9db8-46b97c2645da","ts":"2026-01-10T09:00:30.454-05:00","source":{"id":"0","name":"eventBus"}}
{"__type":"$$EventMessageNode","id":"b5114346-417e-4a73-bafb-16108765a81d","ts":"2026-01-10T09:00:30.454-05:00","eventName":"n8n.node.started","message":"n8n.node.started","payload":{"workflowId":"vV7VhZ1K8SM67v3VjEW6s","workflowName":"Order Created - WhatsApp Notification (Evolution)","executionId":"21","nodeType":"n8n-nodes-base.set","nodeName":"Extract Data","nodeId":"26399a8d-fe35-44ff-8dc8-dded8a51c6a3"}}
{"__type":"$$EventMessageConfirm","confirm":"b5114346-417e-4a73-bafb-16108765a81d","ts":"2026-01-10T09:00:30.454-05:00","source":{"id":"0","name":"eventBus"}}
{"__type":"$$EventMessageNode","id":"3bb1a9bd-e46e-440f-83ec-55b1e374d667","ts":"2026-01-10T09:00:30.455-05:00","eventName":"n8n.node.finished","message":"n8n.node.finished","payload":{"workflowId":"vV7VhZ1K8SM67v3VjEW6s","workflowName":"Order Created - WhatsApp Notification (Evolution)","executionId":"21","nodeType":"n8n-nodes-base.set","nodeName":"Extract Data","nodeId":"26399a8d-fe35-44ff-8dc8-dded8a51c6a3"}}
{"__type":"$$EventMessageConfirm","confirm":"3bb1a9bd-e46e-440f-83ec-55b1e374d667","ts":"2026-01-10T09:00:30.455-05:00","source":{"id":"0","name":"eventBus"}}
{"__type":"$$EventMessageNode","id":"f2c7b7a5-da49-486d-888c-5e1206985d4a","ts":"2026-01-10T09:00:30.455-05:00","eventName":"n8n.node.started","message":"n8n.node.started","payload":{"workflowId":"vV7VhZ1K8SM67v3VjEW6s","workflowName":"Order Created - WhatsApp Notification (Evolution)","executionId":"21","nodeType":"n8n-nodes-base.httpRequest","nodeName":"Send WhatsApp (Evolution)","nodeId":"5c1c7b8f-de99-4817-901f-61fbd0f8b08f"}}
{"__type":"$$EventMessageConfirm","confirm":"f2c7b7a5-da49-486d-888c-5e1206985d4a","ts":"2026-01-10T09:00:30.455-05:00","source":{"id":"0","name":"eventBus"}}
{"__type":"$$EventMessageNode","id":"a3644d25-b6d2-4932-8ece-2878db95ef91","ts":"2026-01-10T09:00:30.894-05:00","eventName":"n8n.node.finished","message":"n8n.node.finished","payload":{"workflowId":"vV7VhZ1K8SM67v3VjEW6s","workflowName":"Order Created - WhatsApp Notification (Evolution)","executionId":"21","nodeType":"n8n-nodes-base.httpRequest","nodeName":"Send WhatsApp (Evolution)","nodeId":"5c1c7b8f-de99-4817-901f-61fbd0f8b08f"}}
{"__type":"$$EventMessageConfirm","confirm":"a3644d25-b6d2-4932-8ece-2878db95ef91","ts":"2026-01-10T09:00:30.894-05:00","source":{"id":"0","name":"eventBus"}}
{"__type":"$$EventMessageNode","id":"d3284996-5232-47cc-8aca-7fd44f651a63","ts":"2026-01-10T09:00:30.895-05:00","eventName":"n8n.node.started","message":"n8n.node.started","payload":{"workflowId":"vV7VhZ1K8SM67v3VjEW6s","workflowName":"Order Created - WhatsApp Notification (Evolution)","executionId":"21","nodeType":"n8n-nodes-base.respondToWebhook","nodeName":"Respond to Webhook","nodeId":"42c376fb-46e2-4b07-b753-516466f8c8cb"}}
{"__type":"$$EventMessageConfirm","confirm":"d3284996-5232-47cc-8aca-7fd44f651a63","ts":"2026-01-10T09:00:30.895-05:00","source":{"id":"0","name":"eventBus"}}
{"__type":"$$EventMessageNode","id":"97db5c48-4ac5-401f-bb0e-dabf91571b4f","ts":"2026-01-10T09:00:30.897-05:00","eventName":"n8n.node.finished","message":"n8n.node.finished","payload":{"workflowId":"vV7VhZ1K8SM67v3VjEW6s","workflowName":"Order Created - WhatsApp Notification (Evolution)","executionId":"21","nodeType":"n8n-nodes-base.respondToWebhook","nodeName":"Respond to Webhook","nodeId":"42c376fb-46e2-4b07-b753-516466f8c8cb"}}
{"__type":"$$EventMessageConfirm","confirm":"97db5c48-4ac5-401f-bb0e-dabf91571b4f","ts":"2026-01-10T09:00:30.897-05:00","source":{"id":"0","name":"eventBus"}}
{"__type":"$$EventMessageWorkflow","id":"821df34d-8d34-4b0c-93d7-783f63dd814b","ts":"2026-01-10T09:00:30.897-05:00","eventName":"n8n.workflow.success","message":"n8n.workflow.success","payload":{"executionId":"21","success":true,"isManual":false,"workflowId":"vV7VhZ1K8SM67v3VjEW6s","workflowName":"Order Created - WhatsApp Notification (Evolution)"}}
{"__type":"$$EventMessageConfirm","confirm":"821df34d-8d34-4b0c-93d7-783f63dd814b","ts":"2026-01-10T09:00:30.897-05:00","source":{"id":"0","name":"eventBus"}}
{"__type":"$$EventMessageAudit","id":"8322c6d2-2503-42cf-bac3-d3c6a5675e5a","ts":"2026-01-10T09:08:09.122-05:00","eventName":"n8n.audit.workflow.updated","message":"n8n.audit.workflow.updated","payload":{"userId":"50d9029f-a956-4b07-8ddf-14d69becd54c","_email":"felipeneneu@outlook.com","_firstName":"Felipe","_lastName":"Neneu","globalRole":"global:owner","workflowId":"vV7VhZ1K8SM67v3VjEW6s","workflowName":"Order Created - WhatsApp Notification (Evolution)"}}
{"__type":"$$EventMessageConfirm","confirm":"8322c6d2-2503-42cf-bac3-d3c6a5675e5a","ts":"2026-01-10T09:08:09.122-05:00","source":{"id":"0","name":"eventBus"}}
{"__type":"$$EventMessageWorkflow","id":"5f6b92dd-e4c0-4b7a-ac28-c9ebb9650f3c","ts":"2026-01-10T09:08:12.359-05:00","eventName":"n8n.workflow.started","message":"n8n.workflow.started","payload":{"executionId":"22","workflowId":"vV7VhZ1K8SM67v3VjEW6s","isManual":false,"workflowName":"Order Created - WhatsApp Notification (Evolution)"}}
{"__type":"$$EventMessageConfirm","confirm":"5f6b92dd-e4c0-4b7a-ac28-c9ebb9650f3c","ts":"2026-01-10T09:08:12.359-05:00","source":{"id":"0","name":"eventBus"}}
{"__type":"$$EventMessageNode","id":"a587abfa-44f9-4be1-bedc-21620cf68cd6","ts":"2026-01-10T09:08:12.360-05:00","eventName":"n8n.node.started","message":"n8n.node.started","payload":{"workflowId":"vV7VhZ1K8SM67v3VjEW6s","workflowName":"Order Created - WhatsApp Notification (Evolution)","executionId":"22","nodeType":"n8n-nodes-base.httpRequest","nodeName":"Send WhatsApp (Evolution)","nodeId":"5c1c7b8f-de99-4817-901f-61fbd0f8b08f"}}
{"__type":"$$EventMessageConfirm","confirm":"a587abfa-44f9-4be1-bedc-21620cf68cd6","ts":"2026-01-10T09:08:12.360-05:00","source":{"id":"0","name":"eventBus"}}
{"__type":"$$EventMessageNode","id":"96ac4031-a6fe-4a4b-a339-b2a8fd8514e9","ts":"2026-01-10T09:08:12.409-05:00","eventName":"n8n.node.finished","message":"n8n.node.finished","payload":{"workflowId":"vV7VhZ1K8SM67v3VjEW6s","workflowName":"Order Created - WhatsApp Notification (Evolution)","executionId":"22","nodeType":"n8n-nodes-base.httpRequest","nodeName":"Send WhatsApp (Evolution)","nodeId":"5c1c7b8f-de99-4817-901f-61fbd0f8b08f"}}
{"__type":"$$EventMessageConfirm","confirm":"96ac4031-a6fe-4a4b-a339-b2a8fd8514e9","ts":"2026-01-10T09:08:12.409-05:00","source":{"id":"0","name":"eventBus"}}
{"__type":"$$EventMessageWorkflow","id":"ce01a716-bce2-4af4-a981-7f7b359f2b9e","ts":"2026-01-10T09:08:12.410-05:00","eventName":"n8n.workflow.failed","message":"n8n.workflow.failed","payload":{"userId":"50d9029f-a956-4b07-8ddf-14d69becd54c","executionId":"22","success":false,"isManual":true,"workflowId":"vV7VhZ1K8SM67v3VjEW6s","workflowName":"Order Created - WhatsApp Notification (Evolution)","lastNodeExecuted":"Send WhatsApp (Evolution)","errorNodeType":"n8n-nodes-base.httpRequest","errorMessage":"JSON parameter needs to be valid JSON"}}
{"__type":"$$EventMessageConfirm","confirm":"ce01a716-bce2-4af4-a981-7f7b359f2b9e","ts":"2026-01-10T09:08:12.410-05:00","source":{"id":"0","name":"eventBus"}}
{"__type":"$$EventMessageAudit","id":"3a40776e-d626-4927-ad07-95486bcd9686","ts":"2026-01-10T09:08:55.234-05:00","eventName":"n8n.audit.workflow.updated","message":"n8n.audit.workflow.updated","payload":{"userId":"50d9029f-a956-4b07-8ddf-14d69becd54c","_email":"felipeneneu@outlook.com","_firstName":"Felipe","_lastName":"Neneu","globalRole":"global:owner","workflowId":"vV7VhZ1K8SM67v3VjEW6s","workflowName":"Order Created - WhatsApp Notification (Evolution)"}}
{"__type":"$$EventMessageConfirm","confirm":"3a40776e-d626-4927-ad07-95486bcd9686","ts":"2026-01-10T09:08:55.234-05:00","source":{"id":"0","name":"eventBus"}}
{"__type":"$$EventMessageAudit","id":"6fc37a81-5292-4da6-b94f-c7cdeb51445c","ts":"2026-01-10T09:11:35.480-05:00","eventName":"n8n.audit.workflow.updated","message":"n8n.audit.workflow.updated","payload":{"userId":"50d9029f-a956-4b07-8ddf-14d69becd54c","_email":"felipeneneu@outlook.com","_firstName":"Felipe","_lastName":"Neneu","globalRole":"global:owner","workflowId":"vV7VhZ1K8SM67v3VjEW6s","workflowName":"Order Created - WhatsApp Notification (Evolution)"}}
{"__type":"$$EventMessageConfirm","confirm":"6fc37a81-5292-4da6-b94f-c7cdeb51445c","ts":"2026-01-10T09:11:35.480-05:00","source":{"id":"0","name":"eventBus"}}
{"__type":"$$EventMessageWorkflow","id":"685a8128-b389-4ec2-b474-7d303e14ccea","ts":"2026-01-10T09:13:30.549-05:00","eventName":"n8n.workflow.started","message":"n8n.workflow.started","payload":{"executionId":"23","workflowId":"vV7VhZ1K8SM67v3VjEW6s","isManual":false,"workflowName":"Order Created - WhatsApp Notification (Evolution)"}}
{"__type":"$$EventMessageConfirm","confirm":"685a8128-b389-4ec2-b474-7d303e14ccea","ts":"2026-01-10T09:13:30.549-05:00","source":{"id":"0","name":"eventBus"}}
{"__type":"$$EventMessageNode","id":"fe957e35-8cbb-4dda-ac2c-5d4678eb9dcf","ts":"2026-01-10T09:13:30.550-05:00","eventName":"n8n.node.started","message":"n8n.node.started","payload":{"workflowId":"vV7VhZ1K8SM67v3VjEW6s","workflowName":"Order Created - WhatsApp Notification (Evolution)","executionId":"23","nodeType":"n8n-nodes-base.httpRequest","nodeName":"Send WhatsApp (Evolution)","nodeId":"5c1c7b8f-de99-4817-901f-61fbd0f8b08f"}}
{"__type":"$$EventMessageConfirm","confirm":"fe957e35-8cbb-4dda-ac2c-5d4678eb9dcf","ts":"2026-01-10T09:13:30.550-05:00","source":{"id":"0","name":"eventBus"}}
{"__type":"$$EventMessageNode","id":"dd3cf4fb-0e9b-4725-ade9-f52edcf408c7","ts":"2026-01-10T09:13:30.571-05:00","eventName":"n8n.node.finished","message":"n8n.node.finished","payload":{"workflowId":"vV7VhZ1K8SM67v3VjEW6s","workflowName":"Order Created - WhatsApp Notification (Evolution)","executionId":"23","nodeType":"n8n-nodes-base.httpRequest","nodeName":"Send WhatsApp (Evolution)","nodeId":"5c1c7b8f-de99-4817-901f-61fbd0f8b08f"}}
{"__type":"$$EventMessageConfirm","confirm":"dd3cf4fb-0e9b-4725-ade9-f52edcf408c7","ts":"2026-01-10T09:13:30.571-05:00","source":{"id":"0","name":"eventBus"}}
{"__type":"$$EventMessageWorkflow","id":"1fd022c6-3884-4116-97df-feca5d4f0b0e","ts":"2026-01-10T09:13:30.572-05:00","eventName":"n8n.workflow.failed","message":"n8n.workflow.failed","payload":{"userId":"50d9029f-a956-4b07-8ddf-14d69becd54c","executionId":"23","success":false,"isManual":true,"workflowId":"vV7VhZ1K8SM67v3VjEW6s","workflowName":"Order Created - WhatsApp Notification (Evolution)","lastNodeExecuted":"Send WhatsApp (Evolution)","errorNodeType":"n8n-nodes-base.httpRequest","errorMessage":"JSON parameter needs to be valid JSON"}}
{"__type":"$$EventMessageConfirm","confirm":"1fd022c6-3884-4116-97df-feca5d4f0b0e","ts":"2026-01-10T09:13:30.572-05:00","source":{"id":"0","name":"eventBus"}}
{"__type":"$$EventMessageWorkflow","id":"525ff7af-0a2a-4b81-9502-337a74264e81","ts":"2026-01-10T09:13:33.207-05:00","eventName":"n8n.workflow.started","message":"n8n.workflow.started","payload":{"executionId":"24","workflowId":"vV7VhZ1K8SM67v3VjEW6s","isManual":false,"workflowName":"Order Created - WhatsApp Notification (Evolution)"}}
{"__type":"$$EventMessageConfirm","confirm":"525ff7af-0a2a-4b81-9502-337a74264e81","ts":"2026-01-10T09:13:33.207-05:00","source":{"id":"0","name":"eventBus"}}
{"__type":"$$EventMessageNode","id":"e2fe58cc-de3d-410a-8e60-cd4a4f4b6341","ts":"2026-01-10T09:13:33.208-05:00","eventName":"n8n.node.started","message":"n8n.node.started","payload":{"workflowId":"vV7VhZ1K8SM67v3VjEW6s","workflowName":"Order Created - WhatsApp Notification (Evolution)","executionId":"24","nodeType":"n8n-nodes-base.httpRequest","nodeName":"Send WhatsApp (Evolution)","nodeId":"5c1c7b8f-de99-4817-901f-61fbd0f8b08f"}}
{"__type":"$$EventMessageConfirm","confirm":"e2fe58cc-de3d-410a-8e60-cd4a4f4b6341","ts":"2026-01-10T09:13:33.208-05:00","source":{"id":"0","name":"eventBus"}}
{"__type":"$$EventMessageNode","id":"bd0aef3c-52e1-4ccb-b47b-910ca3db8f34","ts":"2026-01-10T09:13:33.210-05:00","eventName":"n8n.node.finished","message":"n8n.node.finished","payload":{"workflowId":"vV7VhZ1K8SM67v3VjEW6s","workflowName":"Order Created - WhatsApp Notification (Evolution)","executionId":"24","nodeType":"n8n-nodes-base.httpRequest","nodeName":"Send WhatsApp (Evolution)","nodeId":"5c1c7b8f-de99-4817-901f-61fbd0f8b08f"}}
{"__type":"$$EventMessageConfirm","confirm":"bd0aef3c-52e1-4ccb-b47b-910ca3db8f34","ts":"2026-01-10T09:13:33.210-05:00","source":{"id":"0","name":"eventBus"}}
{"__type":"$$EventMessageWorkflow","id":"0fe52e97-3d47-46f2-a8d7-54ae0de5f590","ts":"2026-01-10T09:13:33.211-05:00","eventName":"n8n.workflow.failed","message":"n8n.workflow.failed","payload":{"userId":"50d9029f-a956-4b07-8ddf-14d69becd54c","executionId":"24","success":false,"isManual":true,"workflowId":"vV7VhZ1K8SM67v3VjEW6s","workflowName":"Order Created - WhatsApp Notification (Evolution)","lastNodeExecuted":"Send WhatsApp (Evolution)","errorNodeType":"n8n-nodes-base.httpRequest","errorMessage":"JSON parameter needs to be valid JSON"}}
{"__type":"$$EventMessageConfirm","confirm":"0fe52e97-3d47-46f2-a8d7-54ae0de5f590","ts":"2026-01-10T09:13:33.211-05:00","source":{"id":"0","name":"eventBus"}}
{"__type":"$$EventMessageWorkflow","id":"8fde0957-86b8-4167-bd1d-846b65e006b2","ts":"2026-01-10T09:13:38.925-05:00","eventName":"n8n.workflow.started","message":"n8n.workflow.started","payload":{"executionId":"25","workflowId":"vV7VhZ1K8SM67v3VjEW6s","isManual":false,"workflowName":"Order Created - WhatsApp Notification (Evolution)"}}
{"__type":"$$EventMessageConfirm","confirm":"8fde0957-86b8-4167-bd1d-846b65e006b2","ts":"2026-01-10T09:13:38.925-05:00","source":{"id":"0","name":"eventBus"}}
{"__type":"$$EventMessageNode","id":"ad722cc8-b2e3-44b2-8f4a-99c84a167341","ts":"2026-01-10T09:13:38.926-05:00","eventName":"n8n.node.started","message":"n8n.node.started","payload":{"workflowId":"vV7VhZ1K8SM67v3VjEW6s","workflowName":"Order Created - WhatsApp Notification (Evolution)","executionId":"25","nodeType":"n8n-nodes-base.httpRequest","nodeName":"Send WhatsApp (Evolution)","nodeId":"5c1c7b8f-de99-4817-901f-61fbd0f8b08f"}}
{"__type":"$$EventMessageConfirm","confirm":"ad722cc8-b2e3-44b2-8f4a-99c84a167341","ts":"2026-01-10T09:13:38.926-05:00","source":{"id":"0","name":"eventBus"}}
{"__type":"$$EventMessageNode","id":"c3747978-00bb-46f9-89f7-13cc9052dad4","ts":"2026-01-10T09:13:38.927-05:00","eventName":"n8n.node.finished","message":"n8n.node.finished","payload":{"workflowId":"vV7VhZ1K8SM67v3VjEW6s","workflowName":"Order Created - WhatsApp Notification (Evolution)","executionId":"25","nodeType":"n8n-nodes-base.httpRequest","nodeName":"Send WhatsApp (Evolution)","nodeId":"5c1c7b8f-de99-4817-901f-61fbd0f8b08f"}}
{"__type":"$$EventMessageConfirm","confirm":"c3747978-00bb-46f9-89f7-13cc9052dad4","ts":"2026-01-10T09:13:38.928-05:00","source":{"id":"0","name":"eventBus"}}
{"__type":"$$EventMessageWorkflow","id":"02286721-5bbe-4abe-a138-7a68fac17cc1","ts":"2026-01-10T09:13:38.928-05:00","eventName":"n8n.workflow.failed","message":"n8n.workflow.failed","payload":{"userId":"50d9029f-a956-4b07-8ddf-14d69becd54c","executionId":"25","success":false,"isManual":true,"workflowId":"vV7VhZ1K8SM67v3VjEW6s","workflowName":"Order Created - WhatsApp Notification (Evolution)","lastNodeExecuted":"Send WhatsApp (Evolution)","errorNodeType":"n8n-nodes-base.httpRequest","errorMessage":"JSON parameter needs to be valid JSON"}}
{"__type":"$$EventMessageConfirm","confirm":"02286721-5bbe-4abe-a138-7a68fac17cc1","ts":"2026-01-10T09:13:38.928-05:00","source":{"id":"0","name":"eventBus"}}
{"__type":"$$EventMessageWorkflow","id":"d4412da8-6745-433c-b454-1c10bcfb0244","ts":"2026-01-10T09:13:49.807-05:00","eventName":"n8n.workflow.started","message":"n8n.workflow.started","payload":{"executionId":"26","workflowId":"vV7VhZ1K8SM67v3VjEW6s","isManual":false,"workflowName":"Order Created - WhatsApp Notification (Evolution)"}}
{"__type":"$$EventMessageConfirm","confirm":"d4412da8-6745-433c-b454-1c10bcfb0244","ts":"2026-01-10T09:13:49.807-05:00","source":{"id":"0","name":"eventBus"}}
{"__type":"$$EventMessageNode","id":"e190b743-0b63-4bbe-9298-64fd3c59f045","ts":"2026-01-10T09:13:49.808-05:00","eventName":"n8n.node.started","message":"n8n.node.started","payload":{"workflowId":"vV7VhZ1K8SM67v3VjEW6s","workflowName":"Order Created - WhatsApp Notification (Evolution)","executionId":"26","nodeType":"n8n-nodes-base.httpRequest","nodeName":"Send WhatsApp (Evolution)","nodeId":"5c1c7b8f-de99-4817-901f-61fbd0f8b08f"}}
{"__type":"$$EventMessageConfirm","confirm":"e190b743-0b63-4bbe-9298-64fd3c59f045","ts":"2026-01-10T09:13:49.808-05:00","source":{"id":"0","name":"eventBus"}}
{"__type":"$$EventMessageNode","id":"ca3e7499-bb75-40d2-9ad8-ebd27d93ec84","ts":"2026-01-10T09:13:49.809-05:00","eventName":"n8n.node.finished","message":"n8n.node.finished","payload":{"workflowId":"vV7VhZ1K8SM67v3VjEW6s","workflowName":"Order Created - WhatsApp Notification (Evolution)","executionId":"26","nodeType":"n8n-nodes-base.httpRequest","nodeName":"Send WhatsApp (Evolution)","nodeId":"5c1c7b8f-de99-4817-901f-61fbd0f8b08f"}}
{"__type":"$$EventMessageConfirm","confirm":"ca3e7499-bb75-40d2-9ad8-ebd27d93ec84","ts":"2026-01-10T09:13:49.810-05:00","source":{"id":"0","name":"eventBus"}}
{"__type":"$$EventMessageWorkflow","id":"ffd6caac-1169-42f0-8190-264fefb07b4d","ts":"2026-01-10T09:13:49.810-05:00","eventName":"n8n.workflow.failed","message":"n8n.workflow.failed","payload":{"userId":"50d9029f-a956-4b07-8ddf-14d69becd54c","executionId":"26","success":false,"isManual":true,"workflowId":"vV7VhZ1K8SM67v3VjEW6s","workflowName":"Order Created - WhatsApp Notification (Evolution)","lastNodeExecuted":"Send WhatsApp (Evolution)","errorNodeType":"n8n-nodes-base.httpRequest","errorMessage":"JSON parameter needs to be valid JSON"}}
{"__type":"$$EventMessageConfirm","confirm":"ffd6caac-1169-42f0-8190-264fefb07b4d","ts":"2026-01-10T09:13:49.810-05:00","source":{"id":"0","name":"eventBus"}}
{"__type":"$$EventMessageWorkflow","id":"390c323f-4eae-4fa5-930d-8c691eca2f54","ts":"2026-01-10T09:13:58.614-05:00","eventName":"n8n.workflow.started","message":"n8n.workflow.started","payload":{"executionId":"27","workflowId":"vV7VhZ1K8SM67v3VjEW6s","isManual":false,"workflowName":"Order Created - WhatsApp Notification (Evolution)"}}
{"__type":"$$EventMessageConfirm","confirm":"390c323f-4eae-4fa5-930d-8c691eca2f54","ts":"2026-01-10T09:13:58.615-05:00","source":{"id":"0","name":"eventBus"}}
{"__type":"$$EventMessageNode","id":"2a27820d-d2e0-4cac-9b15-bfbe9399dff3","ts":"2026-01-10T09:13:58.615-05:00","eventName":"n8n.node.started","message":"n8n.node.started","payload":{"workflowId":"vV7VhZ1K8SM67v3VjEW6s","workflowName":"Order Created - WhatsApp Notification (Evolution)","executionId":"27","nodeType":"n8n-nodes-base.httpRequest","nodeName":"Send WhatsApp (Evolution)","nodeId":"5c1c7b8f-de99-4817-901f-61fbd0f8b08f"}}
{"__type":"$$EventMessageConfirm","confirm":"2a27820d-d2e0-4cac-9b15-bfbe9399dff3","ts":"2026-01-10T09:13:58.615-05:00","source":{"id":"0","name":"eventBus"}}
{"__type":"$$EventMessageNode","id":"84a96185-6b87-4d2d-a64f-705f5423a58b","ts":"2026-01-10T09:13:59.937-05:00","eventName":"n8n.node.finished","message":"n8n.node.finished","payload":{"workflowId":"vV7VhZ1K8SM67v3VjEW6s","workflowName":"Order Created - WhatsApp Notification (Evolution)","executionId":"27","nodeType":"n8n-nodes-base.httpRequest","nodeName":"Send WhatsApp (Evolution)","nodeId":"5c1c7b8f-de99-4817-901f-61fbd0f8b08f"}}
{"__type":"$$EventMessageConfirm","confirm":"84a96185-6b87-4d2d-a64f-705f5423a58b","ts":"2026-01-10T09:13:59.938-05:00","source":{"id":"0","name":"eventBus"}}
{"__type":"$$EventMessageWorkflow","id":"87388bf1-6622-4f9d-ae4a-f9bf8c5696c9","ts":"2026-01-10T09:13:59.938-05:00","eventName":"n8n.workflow.success","message":"n8n.workflow.success","payload":{"userId":"50d9029f-a956-4b07-8ddf-14d69becd54c","executionId":"27","success":true,"isManual":true,"workflowId":"vV7VhZ1K8SM67v3VjEW6s","workflowName":"Order Created - WhatsApp Notification (Evolution)"}}
{"__type":"$$EventMessageConfirm","confirm":"87388bf1-6622-4f9d-ae4a-f9bf8c5696c9","ts":"2026-01-10T09:13:59.938-05:00","source":{"id":"0","name":"eventBus"}}
{"__type":"$$EventMessageWorkflow","id":"57fdfee4-71a5-446d-abfc-5bd2e03f81b1","ts":"2026-01-10T09:14:05.868-05:00","eventName":"n8n.workflow.started","message":"n8n.workflow.started","payload":{"executionId":"28","workflowId":"vV7VhZ1K8SM67v3VjEW6s","isManual":false,"workflowName":"Order Created - WhatsApp Notification (Evolution)"}}
{"__type":"$$EventMessageConfirm","confirm":"57fdfee4-71a5-446d-abfc-5bd2e03f81b1","ts":"2026-01-10T09:14:05.868-05:00","source":{"id":"0","name":"eventBus"}}
{"__type":"$$EventMessageNode","id":"bfa200a6-ba00-46e0-9adf-7346b2c457e3","ts":"2026-01-10T09:14:05.869-05:00","eventName":"n8n.node.started","message":"n8n.node.started","payload":{"workflowId":"vV7VhZ1K8SM67v3VjEW6s","workflowName":"Order Created - WhatsApp Notification (Evolution)","executionId":"28","nodeType":"n8n-nodes-base.respondToWebhook","nodeName":"Respond to Webhook","nodeId":"42c376fb-46e2-4b07-b753-516466f8c8cb"}}
{"__type":"$$EventMessageConfirm","confirm":"bfa200a6-ba00-46e0-9adf-7346b2c457e3","ts":"2026-01-10T09:14:05.869-05:00","source":{"id":"0","name":"eventBus"}}
{"__type":"$$EventMessageNode","id":"1041b7bb-13c8-4663-90be-d7339e34ff5d","ts":"2026-01-10T09:14:05.870-05:00","eventName":"n8n.node.finished","message":"n8n.node.finished","payload":{"workflowId":"vV7VhZ1K8SM67v3VjEW6s","workflowName":"Order Created - WhatsApp Notification (Evolution)","executionId":"28","nodeType":"n8n-nodes-base.respondToWebhook","nodeName":"Respond to Webhook","nodeId":"42c376fb-46e2-4b07-b753-516466f8c8cb"}}
{"__type":"$$EventMessageConfirm","confirm":"1041b7bb-13c8-4663-90be-d7339e34ff5d","ts":"2026-01-10T09:14:05.870-05:00","source":{"id":"0","name":"eventBus"}}
{"__type":"$$EventMessageWorkflow","id":"7c9efda0-8eef-43d1-b00c-cfdb61fc729f","ts":"2026-01-10T09:14:05.871-05:00","eventName":"n8n.workflow.success","message":"n8n.workflow.success","payload":{"userId":"50d9029f-a956-4b07-8ddf-14d69becd54c","executionId":"28","success":true,"isManual":true,"workflowId":"vV7VhZ1K8SM67v3VjEW6s","workflowName":"Order Created - WhatsApp Notification (Evolution)"}}
{"__type":"$$EventMessageConfirm","confirm":"7c9efda0-8eef-43d1-b00c-cfdb61fc729f","ts":"2026-01-10T09:14:05.871-05:00","source":{"id":"0","name":"eventBus"}}
{"__type":"$$EventMessageWorkflow","id":"b9c60ad4-c868-4fea-a611-2b2b59c3a3d3","ts":"2026-01-10T09:14:35.515-05:00","eventName":"n8n.workflow.started","message":"n8n.workflow.started","payload":{"executionId":"29","workflowId":"vV7VhZ1K8SM67v3VjEW6s","isManual":false,"workflowName":"Order Created - WhatsApp Notification (Evolution)"}}
{"__type":"$$EventMessageConfirm","confirm":"b9c60ad4-c868-4fea-a611-2b2b59c3a3d3","ts":"2026-01-10T09:14:35.515-05:00","source":{"id":"0","name":"eventBus"}}
{"__type":"$$EventMessageNode","id":"fb220c58-ae8a-4c37-998f-13ce3edb78cd","ts":"2026-01-10T09:14:35.515-05:00","eventName":"n8n.node.started","message":"n8n.node.started","payload":{"workflowId":"vV7VhZ1K8SM67v3VjEW6s","workflowName":"Order Created - WhatsApp Notification (Evolution)","executionId":"29","nodeType":"n8n-nodes-base.webhook","nodeName":"Webhook","nodeId":"647c9761-3d16-4dba-89eb-45a2f23bd13d"}}
{"__type":"$$EventMessageConfirm","confirm":"fb220c58-ae8a-4c37-998f-13ce3edb78cd","ts":"2026-01-10T09:14:35.515-05:00","source":{"id":"0","name":"eventBus"}}
{"__type":"$$EventMessageNode","id":"820ed3aa-6878-4c9d-bc08-8515ac7da632","ts":"2026-01-10T09:14:35.515-05:00","eventName":"n8n.node.finished","message":"n8n.node.finished","payload":{"workflowId":"vV7VhZ1K8SM67v3VjEW6s","workflowName":"Order Created - WhatsApp Notification (Evolution)","executionId":"29","nodeType":"n8n-nodes-base.webhook","nodeName":"Webhook","nodeId":"647c9761-3d16-4dba-89eb-45a2f23bd13d"}}
{"__type":"$$EventMessageConfirm","confirm":"820ed3aa-6878-4c9d-bc08-8515ac7da632","ts":"2026-01-10T09:14:35.515-05:00","source":{"id":"0","name":"eventBus"}}
{"__type":"$$EventMessageNode","id":"6b4f56a4-1adf-43c2-b7bb-ae1dee49aa75","ts":"2026-01-10T09:14:35.516-05:00","eventName":"n8n.node.started","message":"n8n.node.started","payload":{"workflowId":"vV7VhZ1K8SM67v3VjEW6s","workflowName":"Order Created - WhatsApp Notification (Evolution)","executionId":"29","nodeType":"n8n-nodes-base.set","nodeName":"Extract Data","nodeId":"26399a8d-fe35-44ff-8dc8-dded8a51c6a3"}}
{"__type":"$$EventMessageConfirm","confirm":"6b4f56a4-1adf-43c2-b7bb-ae1dee49aa75","ts":"2026-01-10T09:14:35.516-05:00","source":{"id":"0","name":"eventBus"}}
{"__type":"$$EventMessageNode","id":"fe6b4b7d-9907-46ef-9ca5-d96d3ea3a283","ts":"2026-01-10T09:14:35.517-05:00","eventName":"n8n.node.finished","message":"n8n.node.finished","payload":{"workflowId":"vV7VhZ1K8SM67v3VjEW6s","workflowName":"Order Created - WhatsApp Notification (Evolution)","executionId":"29","nodeType":"n8n-nodes-base.set","nodeName":"Extract Data","nodeId":"26399a8d-fe35-44ff-8dc8-dded8a51c6a3"}}
{"__type":"$$EventMessageConfirm","confirm":"fe6b4b7d-9907-46ef-9ca5-d96d3ea3a283","ts":"2026-01-10T09:14:35.517-05:00","source":{"id":"0","name":"eventBus"}}
{"__type":"$$EventMessageNode","id":"6fdfaedd-cfaa-4240-92fa-23494ae6baa4","ts":"2026-01-10T09:14:35.517-05:00","eventName":"n8n.node.started","message":"n8n.node.started","payload":{"workflowId":"vV7VhZ1K8SM67v3VjEW6s","workflowName":"Order Created - WhatsApp Notification (Evolution)","executionId":"29","nodeType":"n8n-nodes-base.httpRequest","nodeName":"Send WhatsApp (Evolution)","nodeId":"5c1c7b8f-de99-4817-901f-61fbd0f8b08f"}}
{"__type":"$$EventMessageConfirm","confirm":"6fdfaedd-cfaa-4240-92fa-23494ae6baa4","ts":"2026-01-10T09:14:35.518-05:00","source":{"id":"0","name":"eventBus"}}
{"__type":"$$EventMessageNode","id":"c8fcc933-f1c5-40ef-9ea7-56e520323461","ts":"2026-01-10T09:14:35.950-05:00","eventName":"n8n.node.finished","message":"n8n.node.finished","payload":{"workflowId":"vV7VhZ1K8SM67v3VjEW6s","workflowName":"Order Created - WhatsApp Notification (Evolution)","executionId":"29","nodeType":"n8n-nodes-base.httpRequest","nodeName":"Send WhatsApp (Evolution)","nodeId":"5c1c7b8f-de99-4817-901f-61fbd0f8b08f"}}
{"__type":"$$EventMessageConfirm","confirm":"c8fcc933-f1c5-40ef-9ea7-56e520323461","ts":"2026-01-10T09:14:35.950-05:00","source":{"id":"0","name":"eventBus"}}
{"__type":"$$EventMessageNode","id":"4d224be4-e9aa-4bcd-bd88-547449a78546","ts":"2026-01-10T09:14:35.950-05:00","eventName":"n8n.node.started","message":"n8n.node.started","payload":{"workflowId":"vV7VhZ1K8SM67v3VjEW6s","workflowName":"Order Created - WhatsApp Notification (Evolution)","executionId":"29","nodeType":"n8n-nodes-base.respondToWebhook","nodeName":"Respond to Webhook","nodeId":"42c376fb-46e2-4b07-b753-516466f8c8cb"}}
{"__type":"$$EventMessageConfirm","confirm":"4d224be4-e9aa-4bcd-bd88-547449a78546","ts":"2026-01-10T09:14:35.950-05:00","source":{"id":"0","name":"eventBus"}}
{"__type":"$$EventMessageNode","id":"db81bafc-21f6-4bae-862b-ffb8fbe424e9","ts":"2026-01-10T09:14:35.951-05:00","eventName":"n8n.node.finished","message":"n8n.node.finished","payload":{"workflowId":"vV7VhZ1K8SM67v3VjEW6s","workflowName":"Order Created - WhatsApp Notification (Evolution)","executionId":"29","nodeType":"n8n-nodes-base.respondToWebhook","nodeName":"Respond to Webhook","nodeId":"42c376fb-46e2-4b07-b753-516466f8c8cb"}}
{"__type":"$$EventMessageConfirm","confirm":"db81bafc-21f6-4bae-862b-ffb8fbe424e9","ts":"2026-01-10T09:14:35.952-05:00","source":{"id":"0","name":"eventBus"}}
{"__type":"$$EventMessageWorkflow","id":"284af197-f4f9-4829-8922-dc873207e696","ts":"2026-01-10T09:14:35.952-05:00","eventName":"n8n.workflow.success","message":"n8n.workflow.success","payload":{"executionId":"29","success":true,"isManual":false,"workflowId":"vV7VhZ1K8SM67v3VjEW6s","workflowName":"Order Created - WhatsApp Notification (Evolution)"}}
{"__type":"$$EventMessageConfirm","confirm":"284af197-f4f9-4829-8922-dc873207e696","ts":"2026-01-10T09:14:35.952-05:00","source":{"id":"0","name":"eventBus"}}
{"__type":"$$EventMessageWorkflow","id":"306a1ea7-3227-47ca-9532-b8f69598e612","ts":"2026-01-10T09:16:57.829-05:00","eventName":"n8n.workflow.started","message":"n8n.workflow.started","payload":{"executionId":"30","workflowId":"vV7VhZ1K8SM67v3VjEW6s","isManual":false,"workflowName":"Order Created - WhatsApp Notification (Evolution)"}}
{"__type":"$$EventMessageConfirm","confirm":"306a1ea7-3227-47ca-9532-b8f69598e612","ts":"2026-01-10T09:16:57.829-05:00","source":{"id":"0","name":"eventBus"}}
{"__type":"$$EventMessageNode","id":"c4ea4734-1127-45f6-a4b1-fedfb5c40266","ts":"2026-01-10T09:16:57.830-05:00","eventName":"n8n.node.started","message":"n8n.node.started","payload":{"workflowId":"vV7VhZ1K8SM67v3VjEW6s","workflowName":"Order Created - WhatsApp Notification (Evolution)","executionId":"30","nodeType":"n8n-nodes-base.httpRequest","nodeName":"Send WhatsApp (Evolution)","nodeId":"5c1c7b8f-de99-4817-901f-61fbd0f8b08f"}}
{"__type":"$$EventMessageConfirm","confirm":"c4ea4734-1127-45f6-a4b1-fedfb5c40266","ts":"2026-01-10T09:16:57.830-05:00","source":{"id":"0","name":"eventBus"}}
{"__type":"$$EventMessageNode","id":"aa7325b7-013c-427f-9618-2035acfddeec","ts":"2026-01-10T09:16:59.198-05:00","eventName":"n8n.node.finished","message":"n8n.node.finished","payload":{"workflowId":"vV7VhZ1K8SM67v3VjEW6s","workflowName":"Order Created - WhatsApp Notification (Evolution)","executionId":"30","nodeType":"n8n-nodes-base.httpRequest","nodeName":"Send WhatsApp (Evolution)","nodeId":"5c1c7b8f-de99-4817-901f-61fbd0f8b08f"}}
{"__type":"$$EventMessageConfirm","confirm":"aa7325b7-013c-427f-9618-2035acfddeec","ts":"2026-01-10T09:16:59.198-05:00","source":{"id":"0","name":"eventBus"}}
{"__type":"$$EventMessageWorkflow","id":"ec14a1c5-9b9c-4366-bd86-e086b0648865","ts":"2026-01-10T09:16:59.198-05:00","eventName":"n8n.workflow.success","message":"n8n.workflow.success","payload":{"userId":"50d9029f-a956-4b07-8ddf-14d69becd54c","executionId":"30","success":true,"isManual":true,"workflowId":"vV7VhZ1K8SM67v3VjEW6s","workflowName":"Order Created - WhatsApp Notification (Evolution)"}}
{"__type":"$$EventMessageConfirm","confirm":"ec14a1c5-9b9c-4366-bd86-e086b0648865","ts":"2026-01-10T09:16:59.198-05:00","source":{"id":"0","name":"eventBus"}}
{"__type":"$$EventMessageWorkflow","id":"366cd716-697c-4fa5-b343-58196d2e27c9","ts":"2026-01-10T09:17:30.245-05:00","eventName":"n8n.workflow.started","message":"n8n.workflow.started","payload":{"executionId":"31","workflowId":"vV7VhZ1K8SM67v3VjEW6s","isManual":false,"workflowName":"Order Created - WhatsApp Notification (Evolution)"}}
{"__type":"$$EventMessageConfirm","confirm":"366cd716-697c-4fa5-b343-58196d2e27c9","ts":"2026-01-10T09:17:30.245-05:00","source":{"id":"0","name":"eventBus"}}
{"__type":"$$EventMessageNode","id":"92da4bdf-3f33-4320-a85c-5c131efab6db","ts":"2026-01-10T09:17:30.245-05:00","eventName":"n8n.node.started","message":"n8n.node.started","payload":{"workflowId":"vV7VhZ1K8SM67v3VjEW6s","workflowName":"Order Created - WhatsApp Notification (Evolution)","executionId":"31","nodeType":"n8n-nodes-base.webhook","nodeName":"Webhook","nodeId":"647c9761-3d16-4dba-89eb-45a2f23bd13d"}}
{"__type":"$$EventMessageConfirm","confirm":"92da4bdf-3f33-4320-a85c-5c131efab6db","ts":"2026-01-10T09:17:30.245-05:00","source":{"id":"0","name":"eventBus"}}
{"__type":"$$EventMessageNode","id":"d867b2a0-a2ae-43f1-9595-51bfdfe56304","ts":"2026-01-10T09:17:30.246-05:00","eventName":"n8n.node.finished","message":"n8n.node.finished","payload":{"workflowId":"vV7VhZ1K8SM67v3VjEW6s","workflowName":"Order Created - WhatsApp Notification (Evolution)","executionId":"31","nodeType":"n8n-nodes-base.webhook","nodeName":"Webhook","nodeId":"647c9761-3d16-4dba-89eb-45a2f23bd13d"}}
{"__type":"$$EventMessageConfirm","confirm":"d867b2a0-a2ae-43f1-9595-51bfdfe56304","ts":"2026-01-10T09:17:30.246-05:00","source":{"id":"0","name":"eventBus"}}
{"__type":"$$EventMessageNode","id":"38cc7a34-b052-42a3-ba0c-21b182b845c8","ts":"2026-01-10T09:17:30.246-05:00","eventName":"n8n.node.started","message":"n8n.node.started","payload":{"workflowId":"vV7VhZ1K8SM67v3VjEW6s","workflowName":"Order Created - WhatsApp Notification (Evolution)","executionId":"31","nodeType":"n8n-nodes-base.set","nodeName":"Extract Data","nodeId":"26399a8d-fe35-44ff-8dc8-dded8a51c6a3"}}
{"__type":"$$EventMessageConfirm","confirm":"38cc7a34-b052-42a3-ba0c-21b182b845c8","ts":"2026-01-10T09:17:30.246-05:00","source":{"id":"0","name":"eventBus"}}
{"__type":"$$EventMessageNode","id":"1ad6b9c8-f661-4eaa-a837-52bf8d69ed98","ts":"2026-01-10T09:17:30.248-05:00","eventName":"n8n.node.finished","message":"n8n.node.finished","payload":{"workflowId":"vV7VhZ1K8SM67v3VjEW6s","workflowName":"Order Created - WhatsApp Notification (Evolution)","executionId":"31","nodeType":"n8n-nodes-base.set","nodeName":"Extract Data","nodeId":"26399a8d-fe35-44ff-8dc8-dded8a51c6a3"}}
{"__type":"$$EventMessageConfirm","confirm":"1ad6b9c8-f661-4eaa-a837-52bf8d69ed98","ts":"2026-01-10T09:17:30.248-05:00","source":{"id":"0","name":"eventBus"}}
{"__type":"$$EventMessageNode","id":"f0cd0783-b9b9-4f01-9140-b33af870f152","ts":"2026-01-10T09:17:30.248-05:00","eventName":"n8n.node.started","message":"n8n.node.started","payload":{"workflowId":"vV7VhZ1K8SM67v3VjEW6s","workflowName":"Order Created - WhatsApp Notification (Evolution)","executionId":"31","nodeType":"n8n-nodes-base.httpRequest","nodeName":"Send WhatsApp (Evolution)","nodeId":"5c1c7b8f-de99-4817-901f-61fbd0f8b08f"}}
{"__type":"$$EventMessageConfirm","confirm":"f0cd0783-b9b9-4f01-9140-b33af870f152","ts":"2026-01-10T09:17:30.248-05:00","source":{"id":"0","name":"eventBus"}}
{"__type":"$$EventMessageNode","id":"71525e0c-afed-4942-833e-c397398b6881","ts":"2026-01-10T09:17:30.707-05:00","eventName":"n8n.node.finished","message":"n8n.node.finished","payload":{"workflowId":"vV7VhZ1K8SM67v3VjEW6s","workflowName":"Order Created - WhatsApp Notification (Evolution)","executionId":"31","nodeType":"n8n-nodes-base.httpRequest","nodeName":"Send WhatsApp (Evolution)","nodeId":"5c1c7b8f-de99-4817-901f-61fbd0f8b08f"}}
{"__type":"$$EventMessageConfirm","confirm":"71525e0c-afed-4942-833e-c397398b6881","ts":"2026-01-10T09:17:30.707-05:00","source":{"id":"0","name":"eventBus"}}
{"__type":"$$EventMessageNode","id":"7818c350-6d65-4d78-8a3b-42844cb1fac9","ts":"2026-01-10T09:17:30.708-05:00","eventName":"n8n.node.started","message":"n8n.node.started","payload":{"workflowId":"vV7VhZ1K8SM67v3VjEW6s","workflowName":"Order Created - WhatsApp Notification (Evolution)","executionId":"31","nodeType":"n8n-nodes-base.respondToWebhook","nodeName":"Respond to Webhook","nodeId":"42c376fb-46e2-4b07-b753-516466f8c8cb"}}
{"__type":"$$EventMessageConfirm","confirm":"7818c350-6d65-4d78-8a3b-42844cb1fac9","ts":"2026-01-10T09:17:30.708-05:00","source":{"id":"0","name":"eventBus"}}
{"__type":"$$EventMessageNode","id":"0be9e763-17a8-402c-8299-b6a28d36ea47","ts":"2026-01-10T09:17:30.708-05:00","eventName":"n8n.node.finished","message":"n8n.node.finished","payload":{"workflowId":"vV7VhZ1K8SM67v3VjEW6s","workflowName":"Order Created - WhatsApp Notification (Evolution)","executionId":"31","nodeType":"n8n-nodes-base.respondToWebhook","nodeName":"Respond to Webhook","nodeId":"42c376fb-46e2-4b07-b753-516466f8c8cb"}}
{"__type":"$$EventMessageConfirm","confirm":"0be9e763-17a8-402c-8299-b6a28d36ea47","ts":"2026-01-10T09:17:30.709-05:00","source":{"id":"0","name":"eventBus"}}
{"__type":"$$EventMessageWorkflow","id":"19d954fb-46fa-4922-8b19-03d149f5831f","ts":"2026-01-10T09:17:30.709-05:00","eventName":"n8n.workflow.success","message":"n8n.workflow.success","payload":{"executionId":"31","success":true,"isManual":false,"workflowId":"vV7VhZ1K8SM67v3VjEW6s","workflowName":"Order Created - WhatsApp Notification (Evolution)"}}
{"__type":"$$EventMessageConfirm","confirm":"19d954fb-46fa-4922-8b19-03d149f5831f","ts":"2026-01-10T09:17:30.709-05:00","source":{"id":"0","name":"eventBus"}}
{"__type":"$$EventMessageWorkflow","id":"68d0d69f-4498-4844-b018-cc05e4251e16","ts":"2026-01-10T09:18:35.181-05:00","eventName":"n8n.workflow.started","message":"n8n.workflow.started","payload":{"executionId":"32","workflowId":"vV7VhZ1K8SM67v3VjEW6s","isManual":false,"workflowName":"Order Created - WhatsApp Notification (Evolution)"}}
{"__type":"$$EventMessageConfirm","confirm":"68d0d69f-4498-4844-b018-cc05e4251e16","ts":"2026-01-10T09:18:35.181-05:00","source":{"id":"0","name":"eventBus"}}
{"__type":"$$EventMessageNode","id":"74b8aeb6-464a-491f-bdc8-5574654e381f","ts":"2026-01-10T09:18:35.182-05:00","eventName":"n8n.node.started","message":"n8n.node.started","payload":{"workflowId":"vV7VhZ1K8SM67v3VjEW6s","workflowName":"Order Created - WhatsApp Notification (Evolution)","executionId":"32","nodeType":"n8n-nodes-base.set","nodeName":"Extract Data","nodeId":"26399a8d-fe35-44ff-8dc8-dded8a51c6a3"}}
{"__type":"$$EventMessageConfirm","confirm":"74b8aeb6-464a-491f-bdc8-5574654e381f","ts":"2026-01-10T09:18:35.182-05:00","source":{"id":"0","name":"eventBus"}}
{"__type":"$$EventMessageNode","id":"30bc7bf0-8ffd-4074-896e-4e987eec37fe","ts":"2026-01-10T09:18:35.190-05:00","eventName":"n8n.node.finished","message":"n8n.node.finished","payload":{"workflowId":"vV7VhZ1K8SM67v3VjEW6s","workflowName":"Order Created - WhatsApp Notification (Evolution)","executionId":"32","nodeType":"n8n-nodes-base.set","nodeName":"Extract Data","nodeId":"26399a8d-fe35-44ff-8dc8-dded8a51c6a3"}}
{"__type":"$$EventMessageConfirm","confirm":"30bc7bf0-8ffd-4074-896e-4e987eec37fe","ts":"2026-01-10T09:18:35.190-05:00","source":{"id":"0","name":"eventBus"}}
{"__type":"$$EventMessageWorkflow","id":"486c09b1-42df-4232-b95f-152dbba2822c","ts":"2026-01-10T09:18:35.192-05:00","eventName":"n8n.workflow.success","message":"n8n.workflow.success","payload":{"userId":"50d9029f-a956-4b07-8ddf-14d69becd54c","executionId":"32","success":true,"isManual":true,"workflowId":"vV7VhZ1K8SM67v3VjEW6s","workflowName":"Order Created - WhatsApp Notification (Evolution)"}}
{"__type":"$$EventMessageConfirm","confirm":"486c09b1-42df-4232-b95f-152dbba2822c","ts":"2026-01-10T09:18:35.192-05:00","source":{"id":"0","name":"eventBus"}}
{"__type":"$$EventMessageWorkflow","id":"237b2a91-4647-4548-b4af-0dea56568099","ts":"2026-01-10T09:19:33.517-05:00","eventName":"n8n.workflow.started","message":"n8n.workflow.started","payload":{"executionId":"33","workflowId":"vV7VhZ1K8SM67v3VjEW6s","isManual":false,"workflowName":"Order Created - WhatsApp Notification (Evolution)"}}
{"__type":"$$EventMessageConfirm","confirm":"237b2a91-4647-4548-b4af-0dea56568099","ts":"2026-01-10T09:19:33.517-05:00","source":{"id":"0","name":"eventBus"}}
{"__type":"$$EventMessageNode","id":"0693f565-7287-48c2-938e-b2ef38e3be42","ts":"2026-01-10T09:19:33.517-05:00","eventName":"n8n.node.started","message":"n8n.node.started","payload":{"workflowId":"vV7VhZ1K8SM67v3VjEW6s","workflowName":"Order Created - WhatsApp Notification (Evolution)","executionId":"33","nodeType":"n8n-nodes-base.webhook","nodeName":"Webhook","nodeId":"647c9761-3d16-4dba-89eb-45a2f23bd13d"}}
{"__type":"$$EventMessageConfirm","confirm":"0693f565-7287-48c2-938e-b2ef38e3be42","ts":"2026-01-10T09:19:33.517-05:00","source":{"id":"0","name":"eventBus"}}
{"__type":"$$EventMessageNode","id":"cbf19939-541f-4bf7-b72b-c3956468f042","ts":"2026-01-10T09:19:33.517-05:00","eventName":"n8n.node.finished","message":"n8n.node.finished","payload":{"workflowId":"vV7VhZ1K8SM67v3VjEW6s","workflowName":"Order Created - WhatsApp Notification (Evolution)","executionId":"33","nodeType":"n8n-nodes-base.webhook","nodeName":"Webhook","nodeId":"647c9761-3d16-4dba-89eb-45a2f23bd13d"}}
{"__type":"$$EventMessageConfirm","confirm":"cbf19939-541f-4bf7-b72b-c3956468f042","ts":"2026-01-10T09:19:33.517-05:00","source":{"id":"0","name":"eventBus"}}
{"__type":"$$EventMessageNode","id":"5aabb39e-3a8c-4975-bba6-51bdd1522a13","ts":"2026-01-10T09:19:33.517-05:00","eventName":"n8n.node.started","message":"n8n.node.started","payload":{"workflowId":"vV7VhZ1K8SM67v3VjEW6s","workflowName":"Order Created - WhatsApp Notification (Evolution)","executionId":"33","nodeType":"n8n-nodes-base.set","nodeName":"Extract Data","nodeId":"26399a8d-fe35-44ff-8dc8-dded8a51c6a3"}}
{"__type":"$$EventMessageConfirm","confirm":"5aabb39e-3a8c-4975-bba6-51bdd1522a13","ts":"2026-01-10T09:19:33.518-05:00","source":{"id":"0","name":"eventBus"}}
{"__type":"$$EventMessageNode","id":"d174a771-24d7-4a00-a216-33c9d5ed11d7","ts":"2026-01-10T09:19:33.519-05:00","eventName":"n8n.node.finished","message":"n8n.node.finished","payload":{"workflowId":"vV7VhZ1K8SM67v3VjEW6s","workflowName":"Order Created - WhatsApp Notification (Evolution)","executionId":"33","nodeType":"n8n-nodes-base.set","nodeName":"Extract Data","nodeId":"26399a8d-fe35-44ff-8dc8-dded8a51c6a3"}}
{"__type":"$$EventMessageConfirm","confirm":"d174a771-24d7-4a00-a216-33c9d5ed11d7","ts":"2026-01-10T09:19:33.519-05:00","source":{"id":"0","name":"eventBus"}}
{"__type":"$$EventMessageNode","id":"d3685973-3228-4a66-b78d-caf82b81f11f","ts":"2026-01-10T09:19:33.519-05:00","eventName":"n8n.node.started","message":"n8n.node.started","payload":{"workflowId":"vV7VhZ1K8SM67v3VjEW6s","workflowName":"Order Created - WhatsApp Notification (Evolution)","executionId":"33","nodeType":"n8n-nodes-base.httpRequest","nodeName":"Send WhatsApp (Evolution)","nodeId":"5c1c7b8f-de99-4817-901f-61fbd0f8b08f"}}
{"__type":"$$EventMessageConfirm","confirm":"d3685973-3228-4a66-b78d-caf82b81f11f","ts":"2026-01-10T09:19:33.519-05:00","source":{"id":"0","name":"eventBus"}}
{"__type":"$$EventMessageNode","id":"9cf4e0ec-2478-40ab-80ef-f1ef9ffeaaec","ts":"2026-01-10T09:19:33.980-05:00","eventName":"n8n.node.finished","message":"n8n.node.finished","payload":{"workflowId":"vV7VhZ1K8SM67v3VjEW6s","workflowName":"Order Created - WhatsApp Notification (Evolution)","executionId":"33","nodeType":"n8n-nodes-base.httpRequest","nodeName":"Send WhatsApp (Evolution)","nodeId":"5c1c7b8f-de99-4817-901f-61fbd0f8b08f"}}
{"__type":"$$EventMessageConfirm","confirm":"9cf4e0ec-2478-40ab-80ef-f1ef9ffeaaec","ts":"2026-01-10T09:19:33.980-05:00","source":{"id":"0","name":"eventBus"}}
{"__type":"$$EventMessageNode","id":"47cce517-ff7b-4fb4-b73c-ee3f71618c3a","ts":"2026-01-10T09:19:33.980-05:00","eventName":"n8n.node.started","message":"n8n.node.started","payload":{"workflowId":"vV7VhZ1K8SM67v3VjEW6s","workflowName":"Order Created - WhatsApp Notification (Evolution)","executionId":"33","nodeType":"n8n-nodes-base.respondToWebhook","nodeName":"Respond to Webhook","nodeId":"42c376fb-46e2-4b07-b753-516466f8c8cb"}}
{"__type":"$$EventMessageConfirm","confirm":"47cce517-ff7b-4fb4-b73c-ee3f71618c3a","ts":"2026-01-10T09:19:33.980-05:00","source":{"id":"0","name":"eventBus"}}
{"__type":"$$EventMessageNode","id":"4033e061-6527-4176-87fd-08a742f2509c","ts":"2026-01-10T09:19:33.981-05:00","eventName":"n8n.node.finished","message":"n8n.node.finished","payload":{"workflowId":"vV7VhZ1K8SM67v3VjEW6s","workflowName":"Order Created - WhatsApp Notification (Evolution)","executionId":"33","nodeType":"n8n-nodes-base.respondToWebhook","nodeName":"Respond to Webhook","nodeId":"42c376fb-46e2-4b07-b753-516466f8c8cb"}}
{"__type":"$$EventMessageConfirm","confirm":"4033e061-6527-4176-87fd-08a742f2509c","ts":"2026-01-10T09:19:33.981-05:00","source":{"id":"0","name":"eventBus"}}
{"__type":"$$EventMessageWorkflow","id":"2ae2cbdf-5ee7-42d5-b6d4-8891e2ebce57","ts":"2026-01-10T09:19:33.981-05:00","eventName":"n8n.workflow.success","message":"n8n.workflow.success","payload":{"executionId":"33","success":true,"isManual":false,"workflowId":"vV7VhZ1K8SM67v3VjEW6s","workflowName":"Order Created - WhatsApp Notification (Evolution)"}}
{"__type":"$$EventMessageConfirm","confirm":"2ae2cbdf-5ee7-42d5-b6d4-8891e2ebce57","ts":"2026-01-10T09:19:33.981-05:00","source":{"id":"0","name":"eventBus"}}
{"__type":"$$EventMessageWorkflow","id":"0a4a6a92-165b-48da-8571-c9a46e13ac39","ts":"2026-01-10T09:58:14.078-05:00","eventName":"n8n.workflow.started","message":"n8n.workflow.started","payload":{"executionId":"34","workflowId":"vV7VhZ1K8SM67v3VjEW6s","isManual":false,"workflowName":"Order Created - WhatsApp Notification (Evolution)"}}
{"__type":"$$EventMessageConfirm","confirm":"0a4a6a92-165b-48da-8571-c9a46e13ac39","ts":"2026-01-10T09:58:14.078-05:00","source":{"id":"0","name":"eventBus"}}
{"__type":"$$EventMessageNode","id":"1aa0a90f-7be3-4549-ac1d-21f9f97f8945","ts":"2026-01-10T09:58:14.079-05:00","eventName":"n8n.node.started","message":"n8n.node.started","payload":{"workflowId":"vV7VhZ1K8SM67v3VjEW6s","workflowName":"Order Created - WhatsApp Notification (Evolution)","executionId":"34","nodeType":"n8n-nodes-base.set","nodeName":"Extract Data","nodeId":"26399a8d-fe35-44ff-8dc8-dded8a51c6a3"}}
{"__type":"$$EventMessageConfirm","confirm":"1aa0a90f-7be3-4549-ac1d-21f9f97f8945","ts":"2026-01-10T09:58:14.079-05:00","source":{"id":"0","name":"eventBus"}}
{"__type":"$$EventMessageNode","id":"f4a53fa1-0b21-4dde-b395-b23d8ba1dd4f","ts":"2026-01-10T09:58:14.089-05:00","eventName":"n8n.node.finished","message":"n8n.node.finished","payload":{"workflowId":"vV7VhZ1K8SM67v3VjEW6s","workflowName":"Order Created - WhatsApp Notification (Evolution)","executionId":"34","nodeType":"n8n-nodes-base.set","nodeName":"Extract Data","nodeId":"26399a8d-fe35-44ff-8dc8-dded8a51c6a3"}}
{"__type":"$$EventMessageConfirm","confirm":"f4a53fa1-0b21-4dde-b395-b23d8ba1dd4f","ts":"2026-01-10T09:58:14.089-05:00","source":{"id":"0","name":"eventBus"}}
{"__type":"$$EventMessageWorkflow","id":"df19a177-cd81-4760-ba40-ecff20503ae7","ts":"2026-01-10T09:58:14.090-05:00","eventName":"n8n.workflow.success","message":"n8n.workflow.success","payload":{"userId":"50d9029f-a956-4b07-8ddf-14d69becd54c","executionId":"34","success":true,"isManual":true,"workflowId":"vV7VhZ1K8SM67v3VjEW6s","workflowName":"Order Created - WhatsApp Notification (Evolution)"}}
{"__type":"$$EventMessageConfirm","confirm":"df19a177-cd81-4760-ba40-ecff20503ae7","ts":"2026-01-10T09:58:14.090-05:00","source":{"id":"0","name":"eventBus"}}
{"__type":"$$EventMessageWorkflow","id":"29c1edd8-512a-4b68-9943-c89a7403e695","ts":"2026-01-10T09:58:40.067-05:00","eventName":"n8n.workflow.started","message":"n8n.workflow.started","payload":{"executionId":"35","workflowId":"vV7VhZ1K8SM67v3VjEW6s","isManual":false,"workflowName":"Order Created - WhatsApp Notification (Evolution)"}}
{"__type":"$$EventMessageConfirm","confirm":"29c1edd8-512a-4b68-9943-c89a7403e695","ts":"2026-01-10T09:58:40.067-05:00","source":{"id":"0","name":"eventBus"}}
{"__type":"$$EventMessageNode","id":"31f6b233-6cd0-43f7-8cf5-d1fbe9909e4c","ts":"2026-01-10T09:58:40.067-05:00","eventName":"n8n.node.started","message":"n8n.node.started","payload":{"workflowId":"vV7VhZ1K8SM67v3VjEW6s","workflowName":"Order Created - WhatsApp Notification (Evolution)","executionId":"35","nodeType":"n8n-nodes-base.webhook","nodeName":"Webhook","nodeId":"647c9761-3d16-4dba-89eb-45a2f23bd13d"}}
{"__type":"$$EventMessageConfirm","confirm":"31f6b233-6cd0-43f7-8cf5-d1fbe9909e4c","ts":"2026-01-10T09:58:40.067-05:00","source":{"id":"0","name":"eventBus"}}
{"__type":"$$EventMessageNode","id":"2bd4c2f6-b276-4fb0-bdaa-af7377eb128b","ts":"2026-01-10T09:58:40.067-05:00","eventName":"n8n.node.finished","message":"n8n.node.finished","payload":{"workflowId":"vV7VhZ1K8SM67v3VjEW6s","workflowName":"Order Created - WhatsApp Notification (Evolution)","executionId":"35","nodeType":"n8n-nodes-base.webhook","nodeName":"Webhook","nodeId":"647c9761-3d16-4dba-89eb-45a2f23bd13d"}}
{"__type":"$$EventMessageConfirm","confirm":"2bd4c2f6-b276-4fb0-bdaa-af7377eb128b","ts":"2026-01-10T09:58:40.067-05:00","source":{"id":"0","name":"eventBus"}}
{"__type":"$$EventMessageNode","id":"35385d59-3749-4558-8f98-479b82e4dbda","ts":"2026-01-10T09:58:40.068-05:00","eventName":"n8n.node.started","message":"n8n.node.started","payload":{"workflowId":"vV7VhZ1K8SM67v3VjEW6s","workflowName":"Order Created - WhatsApp Notification (Evolution)","executionId":"35","nodeType":"n8n-nodes-base.set","nodeName":"Extract Data","nodeId":"26399a8d-fe35-44ff-8dc8-dded8a51c6a3"}}
{"__type":"$$EventMessageConfirm","confirm":"35385d59-3749-4558-8f98-479b82e4dbda","ts":"2026-01-10T09:58:40.068-05:00","source":{"id":"0","name":"eventBus"}}
{"__type":"$$EventMessageNode","id":"98f3e8d6-22dd-4095-9396-a3a45f3fc5ee","ts":"2026-01-10T09:58:40.069-05:00","eventName":"n8n.node.finished","message":"n8n.node.finished","payload":{"workflowId":"vV7VhZ1K8SM67v3VjEW6s","workflowName":"Order Created - WhatsApp Notification (Evolution)","executionId":"35","nodeType":"n8n-nodes-base.set","nodeName":"Extract Data","nodeId":"26399a8d-fe35-44ff-8dc8-dded8a51c6a3"}}
{"__type":"$$EventMessageConfirm","confirm":"98f3e8d6-22dd-4095-9396-a3a45f3fc5ee","ts":"2026-01-10T09:58:40.069-05:00","source":{"id":"0","name":"eventBus"}}
{"__type":"$$EventMessageNode","id":"af5e2759-508c-4431-934d-0fec2814275a","ts":"2026-01-10T09:58:40.069-05:00","eventName":"n8n.node.started","message":"n8n.node.started","payload":{"workflowId":"vV7VhZ1K8SM67v3VjEW6s","workflowName":"Order Created - WhatsApp Notification (Evolution)","executionId":"35","nodeType":"n8n-nodes-base.httpRequest","nodeName":"Send WhatsApp (Evolution)","nodeId":"5c1c7b8f-de99-4817-901f-61fbd0f8b08f"}}
{"__type":"$$EventMessageConfirm","confirm":"af5e2759-508c-4431-934d-0fec2814275a","ts":"2026-01-10T09:58:40.069-05:00","source":{"id":"0","name":"eventBus"}}
{"__type":"$$EventMessageNode","id":"93ec0b7f-61e3-430a-92c6-66591911e052","ts":"2026-01-10T09:58:40.523-05:00","eventName":"n8n.node.finished","message":"n8n.node.finished","payload":{"workflowId":"vV7VhZ1K8SM67v3VjEW6s","workflowName":"Order Created - WhatsApp Notification (Evolution)","executionId":"35","nodeType":"n8n-nodes-base.httpRequest","nodeName":"Send WhatsApp (Evolution)","nodeId":"5c1c7b8f-de99-4817-901f-61fbd0f8b08f"}}
{"__type":"$$EventMessageConfirm","confirm":"93ec0b7f-61e3-430a-92c6-66591911e052","ts":"2026-01-10T09:58:40.523-05:00","source":{"id":"0","name":"eventBus"}}
{"__type":"$$EventMessageNode","id":"a81ecc67-4a05-4147-ad7c-81ee7c15a00c","ts":"2026-01-10T09:58:40.523-05:00","eventName":"n8n.node.started","message":"n8n.node.started","payload":{"workflowId":"vV7VhZ1K8SM67v3VjEW6s","workflowName":"Order Created - WhatsApp Notification (Evolution)","executionId":"35","nodeType":"n8n-nodes-base.respondToWebhook","nodeName":"Respond to Webhook","nodeId":"42c376fb-46e2-4b07-b753-516466f8c8cb"}}
{"__type":"$$EventMessageConfirm","confirm":"a81ecc67-4a05-4147-ad7c-81ee7c15a00c","ts":"2026-01-10T09:58:40.523-05:00","source":{"id":"0","name":"eventBus"}}
{"__type":"$$EventMessageNode","id":"c94c8ab9-f060-4be4-8f04-32390c183d06","ts":"2026-01-10T09:58:40.525-05:00","eventName":"n8n.node.finished","message":"n8n.node.finished","payload":{"workflowId":"vV7VhZ1K8SM67v3VjEW6s","workflowName":"Order Created - WhatsApp Notification (Evolution)","executionId":"35","nodeType":"n8n-nodes-base.respondToWebhook","nodeName":"Respond to Webhook","nodeId":"42c376fb-46e2-4b07-b753-516466f8c8cb"}}
{"__type":"$$EventMessageConfirm","confirm":"c94c8ab9-f060-4be4-8f04-32390c183d06","ts":"2026-01-10T09:58:40.525-05:00","source":{"id":"0","name":"eventBus"}}
{"__type":"$$EventMessageWorkflow","id":"8149e39f-92c3-49f5-8231-23c5f246c897","ts":"2026-01-10T09:58:40.526-05:00","eventName":"n8n.workflow.success","message":"n8n.workflow.success","payload":{"executionId":"35","success":true,"isManual":false,"workflowId":"vV7VhZ1K8SM67v3VjEW6s","workflowName":"Order Created - WhatsApp Notification (Evolution)"}}
{"__type":"$$EventMessageConfirm","confirm":"8149e39f-92c3-49f5-8231-23c5f246c897","ts":"2026-01-10T09:58:40.526-05:00","source":{"id":"0","name":"eventBus"}}
{"__type":"$$EventMessageWorkflow","id":"4c5c01bd-7b1e-4293-a2f5-448fc6874e9b","ts":"2026-01-10T10:00:41.049-05:00","eventName":"n8n.workflow.started","message":"n8n.workflow.started","payload":{"executionId":"36","workflowId":"vV7VhZ1K8SM67v3VjEW6s","isManual":false,"workflowName":"Order Created - WhatsApp Notification (Evolution)"}}
{"__type":"$$EventMessageConfirm","confirm":"4c5c01bd-7b1e-4293-a2f5-448fc6874e9b","ts":"2026-01-10T10:00:41.050-05:00","source":{"id":"0","name":"eventBus"}}
{"__type":"$$EventMessageNode","id":"85c7493b-b324-46fa-8012-54b5da2e7f59","ts":"2026-01-10T10:00:41.050-05:00","eventName":"n8n.node.started","message":"n8n.node.started","payload":{"workflowId":"vV7VhZ1K8SM67v3VjEW6s","workflowName":"Order Created - WhatsApp Notification (Evolution)","executionId":"36","nodeType":"n8n-nodes-base.webhook","nodeName":"Webhook","nodeId":"647c9761-3d16-4dba-89eb-45a2f23bd13d"}}
{"__type":"$$EventMessageConfirm","confirm":"85c7493b-b324-46fa-8012-54b5da2e7f59","ts":"2026-01-10T10:00:41.050-05:00","source":{"id":"0","name":"eventBus"}}
{"__type":"$$EventMessageNode","id":"d1a13dde-d454-495f-bd51-7107f1f75d6f","ts":"2026-01-10T10:00:41.050-05:00","eventName":"n8n.node.finished","message":"n8n.node.finished","payload":{"workflowId":"vV7VhZ1K8SM67v3VjEW6s","workflowName":"Order Created - WhatsApp Notification (Evolution)","executionId":"36","nodeType":"n8n-nodes-base.webhook","nodeName":"Webhook","nodeId":"647c9761-3d16-4dba-89eb-45a2f23bd13d"}}
{"__type":"$$EventMessageConfirm","confirm":"d1a13dde-d454-495f-bd51-7107f1f75d6f","ts":"2026-01-10T10:00:41.050-05:00","source":{"id":"0","name":"eventBus"}}
{"__type":"$$EventMessageNode","id":"3e2db994-c90a-4cc9-845c-416c65b52b09","ts":"2026-01-10T10:00:41.050-05:00","eventName":"n8n.node.started","message":"n8n.node.started","payload":{"workflowId":"vV7VhZ1K8SM67v3VjEW6s","workflowName":"Order Created - WhatsApp Notification (Evolution)","executionId":"36","nodeType":"n8n-nodes-base.set","nodeName":"Extract Data","nodeId":"26399a8d-fe35-44ff-8dc8-dded8a51c6a3"}}
{"__type":"$$EventMessageConfirm","confirm":"3e2db994-c90a-4cc9-845c-416c65b52b09","ts":"2026-01-10T10:00:41.050-05:00","source":{"id":"0","name":"eventBus"}}
{"__type":"$$EventMessageNode","id":"c0e1f028-2013-4282-9a60-38a3fd98e2ed","ts":"2026-01-10T10:00:41.052-05:00","eventName":"n8n.node.finished","message":"n8n.node.finished","payload":{"workflowId":"vV7VhZ1K8SM67v3VjEW6s","workflowName":"Order Created - WhatsApp Notification (Evolution)","executionId":"36","nodeType":"n8n-nodes-base.set","nodeName":"Extract Data","nodeId":"26399a8d-fe35-44ff-8dc8-dded8a51c6a3"}}
{"__type":"$$EventMessageConfirm","confirm":"c0e1f028-2013-4282-9a60-38a3fd98e2ed","ts":"2026-01-10T10:00:41.052-05:00","source":{"id":"0","name":"eventBus"}}
{"__type":"$$EventMessageNode","id":"96b0c6c6-0ead-4226-ae87-2989f2d02938","ts":"2026-01-10T10:00:41.052-05:00","eventName":"n8n.node.started","message":"n8n.node.started","payload":{"workflowId":"vV7VhZ1K8SM67v3VjEW6s","workflowName":"Order Created - WhatsApp Notification (Evolution)","executionId":"36","nodeType":"n8n-nodes-base.httpRequest","nodeName":"Send WhatsApp (Evolution)","nodeId":"5c1c7b8f-de99-4817-901f-61fbd0f8b08f"}}
{"__type":"$$EventMessageConfirm","confirm":"96b0c6c6-0ead-4226-ae87-2989f2d02938","ts":"2026-01-10T10:00:41.052-05:00","source":{"id":"0","name":"eventBus"}}
{"__type":"$$EventMessageNode","id":"b0aa1c32-4e63-4219-9b49-bd6d35f0cde6","ts":"2026-01-10T10:00:41.481-05:00","eventName":"n8n.node.finished","message":"n8n.node.finished","payload":{"workflowId":"vV7VhZ1K8SM67v3VjEW6s","workflowName":"Order Created - WhatsApp Notification (Evolution)","executionId":"36","nodeType":"n8n-nodes-base.httpRequest","nodeName":"Send WhatsApp (Evolution)","nodeId":"5c1c7b8f-de99-4817-901f-61fbd0f8b08f"}}
{"__type":"$$EventMessageConfirm","confirm":"b0aa1c32-4e63-4219-9b49-bd6d35f0cde6","ts":"2026-01-10T10:00:41.481-05:00","source":{"id":"0","name":"eventBus"}}
{"__type":"$$EventMessageNode","id":"5be61395-ce7b-4548-89c8-7617f1039ccd","ts":"2026-01-10T10:00:41.481-05:00","eventName":"n8n.node.started","message":"n8n.node.started","payload":{"workflowId":"vV7VhZ1K8SM67v3VjEW6s","workflowName":"Order Created - WhatsApp Notification (Evolution)","executionId":"36","nodeType":"n8n-nodes-base.respondToWebhook","nodeName":"Respond to Webhook","nodeId":"42c376fb-46e2-4b07-b753-516466f8c8cb"}}
{"__type":"$$EventMessageConfirm","confirm":"5be61395-ce7b-4548-89c8-7617f1039ccd","ts":"2026-01-10T10:00:41.482-05:00","source":{"id":"0","name":"eventBus"}}
{"__type":"$$EventMessageNode","id":"bde3af2d-8997-4599-9193-fd396bcf1a0e","ts":"2026-01-10T10:00:41.482-05:00","eventName":"n8n.node.finished","message":"n8n.node.finished","payload":{"workflowId":"vV7VhZ1K8SM67v3VjEW6s","workflowName":"Order Created - WhatsApp Notification (Evolution)","executionId":"36","nodeType":"n8n-nodes-base.respondToWebhook","nodeName":"Respond to Webhook","nodeId":"42c376fb-46e2-4b07-b753-516466f8c8cb"}}
{"__type":"$$EventMessageConfirm","confirm":"bde3af2d-8997-4599-9193-fd396bcf1a0e","ts":"2026-01-10T10:00:41.483-05:00","source":{"id":"0","name":"eventBus"}}
{"__type":"$$EventMessageWorkflow","id":"76f6c70e-7990-4039-80ff-b6a570a53871","ts":"2026-01-10T10:00:41.483-05:00","eventName":"n8n.workflow.success","message":"n8n.workflow.success","payload":{"executionId":"36","success":true,"isManual":false,"workflowId":"vV7VhZ1K8SM67v3VjEW6s","workflowName":"Order Created - WhatsApp Notification (Evolution)"}}
{"__type":"$$EventMessageConfirm","confirm":"76f6c70e-7990-4039-80ff-b6a570a53871","ts":"2026-01-10T10:00:41.483-05:00","source":{"id":"0","name":"eventBus"}}
{"__type":"$$EventMessageWorkflow","id":"c02a88db-e30d-43d1-a37a-b177bc1be81d","ts":"2026-01-10T10:01:20.488-05:00","eventName":"n8n.workflow.started","message":"n8n.workflow.started","payload":{"executionId":"37","workflowId":"vV7VhZ1K8SM67v3VjEW6s","isManual":false,"workflowName":"Order Created - WhatsApp Notification (Evolution)"}}
{"__type":"$$EventMessageConfirm","confirm":"c02a88db-e30d-43d1-a37a-b177bc1be81d","ts":"2026-01-10T10:01:20.488-05:00","source":{"id":"0","name":"eventBus"}}
{"__type":"$$EventMessageNode","id":"b6a7d94c-301e-4f63-8344-cf110b77474a","ts":"2026-01-10T10:01:20.488-05:00","eventName":"n8n.node.started","message":"n8n.node.started","payload":{"workflowId":"vV7VhZ1K8SM67v3VjEW6s","workflowName":"Order Created - WhatsApp Notification (Evolution)","executionId":"37","nodeType":"n8n-nodes-base.webhook","nodeName":"Webhook","nodeId":"647c9761-3d16-4dba-89eb-45a2f23bd13d"}}
{"__type":"$$EventMessageConfirm","confirm":"b6a7d94c-301e-4f63-8344-cf110b77474a","ts":"2026-01-10T10:01:20.489-05:00","source":{"id":"0","name":"eventBus"}}
{"__type":"$$EventMessageNode","id":"ebc03902-bf28-4df1-bbda-4cd332ed150e","ts":"2026-01-10T10:01:20.489-05:00","eventName":"n8n.node.finished","message":"n8n.node.finished","payload":{"workflowId":"vV7VhZ1K8SM67v3VjEW6s","workflowName":"Order Created - WhatsApp Notification (Evolution)","executionId":"37","nodeType":"n8n-nodes-base.webhook","nodeName":"Webhook","nodeId":"647c9761-3d16-4dba-89eb-45a2f23bd13d"}}
{"__type":"$$EventMessageConfirm","confirm":"ebc03902-bf28-4df1-bbda-4cd332ed150e","ts":"2026-01-10T10:01:20.489-05:00","source":{"id":"0","name":"eventBus"}}
{"__type":"$$EventMessageNode","id":"894350d2-206d-4dfc-b717-94ffe5aa5bd0","ts":"2026-01-10T10:01:20.489-05:00","eventName":"n8n.node.started","message":"n8n.node.started","payload":{"workflowId":"vV7VhZ1K8SM67v3VjEW6s","workflowName":"Order Created - WhatsApp Notification (Evolution)","executionId":"37","nodeType":"n8n-nodes-base.set","nodeName":"Extract Data","nodeId":"26399a8d-fe35-44ff-8dc8-dded8a51c6a3"}}
{"__type":"$$EventMessageConfirm","confirm":"894350d2-206d-4dfc-b717-94ffe5aa5bd0","ts":"2026-01-10T10:01:20.489-05:00","source":{"id":"0","name":"eventBus"}}
{"__type":"$$EventMessageNode","id":"00cb1413-e633-4200-bc10-c0c7a2a26dfd","ts":"2026-01-10T10:01:20.491-05:00","eventName":"n8n.node.finished","message":"n8n.node.finished","payload":{"workflowId":"vV7VhZ1K8SM67v3VjEW6s","workflowName":"Order Created - WhatsApp Notification (Evolution)","executionId":"37","nodeType":"n8n-nodes-base.set","nodeName":"Extract Data","nodeId":"26399a8d-fe35-44ff-8dc8-dded8a51c6a3"}}
{"__type":"$$EventMessageConfirm","confirm":"00cb1413-e633-4200-bc10-c0c7a2a26dfd","ts":"2026-01-10T10:01:20.491-05:00","source":{"id":"0","name":"eventBus"}}
{"__type":"$$EventMessageNode","id":"03b143ec-f2dd-4b08-a2c4-1c053cf08563","ts":"2026-01-10T10:01:20.493-05:00","eventName":"n8n.node.started","message":"n8n.node.started","payload":{"workflowId":"vV7VhZ1K8SM67v3VjEW6s","workflowName":"Order Created - WhatsApp Notification (Evolution)","executionId":"37","nodeType":"n8n-nodes-base.httpRequest","nodeName":"Send WhatsApp (Evolution)","nodeId":"5c1c7b8f-de99-4817-901f-61fbd0f8b08f"}}
{"__type":"$$EventMessageConfirm","confirm":"03b143ec-f2dd-4b08-a2c4-1c053cf08563","ts":"2026-01-10T10:01:20.493-05:00","source":{"id":"0","name":"eventBus"}}
{"__type":"$$EventMessageNode","id":"e92a7dc9-4777-4334-b6ff-1c5be6fb0ce6","ts":"2026-01-10T10:01:21.823-05:00","eventName":"n8n.node.finished","message":"n8n.node.finished","payload":{"workflowId":"vV7VhZ1K8SM67v3VjEW6s","workflowName":"Order Created - WhatsApp Notification (Evolution)","executionId":"37","nodeType":"n8n-nodes-base.httpRequest","nodeName":"Send WhatsApp (Evolution)","nodeId":"5c1c7b8f-de99-4817-901f-61fbd0f8b08f"}}
{"__type":"$$EventMessageConfirm","confirm":"e92a7dc9-4777-4334-b6ff-1c5be6fb0ce6","ts":"2026-01-10T10:01:21.823-05:00","source":{"id":"0","name":"eventBus"}}
{"__type":"$$EventMessageNode","id":"5172d12b-313f-4f16-b003-52152dadcbb3","ts":"2026-01-10T10:01:21.824-05:00","eventName":"n8n.node.started","message":"n8n.node.started","payload":{"workflowId":"vV7VhZ1K8SM67v3VjEW6s","workflowName":"Order Created - WhatsApp Notification (Evolution)","executionId":"37","nodeType":"n8n-nodes-base.respondToWebhook","nodeName":"Respond to Webhook","nodeId":"42c376fb-46e2-4b07-b753-516466f8c8cb"}}
{"__type":"$$EventMessageConfirm","confirm":"5172d12b-313f-4f16-b003-52152dadcbb3","ts":"2026-01-10T10:01:21.824-05:00","source":{"id":"0","name":"eventBus"}}
{"__type":"$$EventMessageNode","id":"aa05494e-be40-41fd-a290-5b0a005abebe","ts":"2026-01-10T10:01:21.825-05:00","eventName":"n8n.node.finished","message":"n8n.node.finished","payload":{"workflowId":"vV7VhZ1K8SM67v3VjEW6s","workflowName":"Order Created - WhatsApp Notification (Evolution)","executionId":"37","nodeType":"n8n-nodes-base.respondToWebhook","nodeName":"Respond to Webhook","nodeId":"42c376fb-46e2-4b07-b753-516466f8c8cb"}}
{"__type":"$$EventMessageConfirm","confirm":"aa05494e-be40-41fd-a290-5b0a005abebe","ts":"2026-01-10T10:01:21.825-05:00","source":{"id":"0","name":"eventBus"}}
{"__type":"$$EventMessageWorkflow","id":"1d8bc8f5-4975-45fd-936c-8a8dcff82021","ts":"2026-01-10T10:01:21.826-05:00","eventName":"n8n.workflow.success","message":"n8n.workflow.success","payload":{"executionId":"37","success":true,"isManual":false,"workflowId":"vV7VhZ1K8SM67v3VjEW6s","workflowName":"Order Created - WhatsApp Notification (Evolution)"}}
{"__type":"$$EventMessageConfirm","confirm":"1d8bc8f5-4975-45fd-936c-8a8dcff82021","ts":"2026-01-10T10:01:21.826-05:00","source":{"id":"0","name":"eventBus"}}
{"__type":"$$EventMessageWorkflow","id":"d62af482-87a6-4f08-baf8-36e3f0b112b2","ts":"2026-01-10T10:03:14.860-05:00","eventName":"n8n.workflow.started","message":"n8n.workflow.started","payload":{"executionId":"38","workflowId":"vV7VhZ1K8SM67v3VjEW6s","isManual":false,"workflowName":"Order Created - WhatsApp Notification (Evolution)"}}
{"__type":"$$EventMessageConfirm","confirm":"d62af482-87a6-4f08-baf8-36e3f0b112b2","ts":"2026-01-10T10:03:14.861-05:00","source":{"id":"0","name":"eventBus"}}
{"__type":"$$EventMessageNode","id":"b0fec30d-82d1-478a-91f0-751a1419a31b","ts":"2026-01-10T10:03:14.861-05:00","eventName":"n8n.node.started","message":"n8n.node.started","payload":{"workflowId":"vV7VhZ1K8SM67v3VjEW6s","workflowName":"Order Created - WhatsApp Notification (Evolution)","executionId":"38","nodeType":"n8n-nodes-base.httpRequest","nodeName":"Send WhatsApp (Evolution)","nodeId":"5c1c7b8f-de99-4817-901f-61fbd0f8b08f"}}
{"__type":"$$EventMessageConfirm","confirm":"b0fec30d-82d1-478a-91f0-751a1419a31b","ts":"2026-01-10T10:03:14.861-05:00","source":{"id":"0","name":"eventBus"}}
{"__type":"$$EventMessageNode","id":"287ae829-afbe-42b5-9bbd-f5c8c6bfabb9","ts":"2026-01-10T10:03:16.193-05:00","eventName":"n8n.node.finished","message":"n8n.node.finished","payload":{"workflowId":"vV7VhZ1K8SM67v3VjEW6s","workflowName":"Order Created - WhatsApp Notification (Evolution)","executionId":"38","nodeType":"n8n-nodes-base.httpRequest","nodeName":"Send WhatsApp (Evolution)","nodeId":"5c1c7b8f-de99-4817-901f-61fbd0f8b08f"}}
{"__type":"$$EventMessageConfirm","confirm":"287ae829-afbe-42b5-9bbd-f5c8c6bfabb9","ts":"2026-01-10T10:03:16.193-05:00","source":{"id":"0","name":"eventBus"}}
{"__type":"$$EventMessageWorkflow","id":"a4584926-d8e7-4f6a-835e-b18f054012a4","ts":"2026-01-10T10:03:16.193-05:00","eventName":"n8n.workflow.success","message":"n8n.workflow.success","payload":{"userId":"50d9029f-a956-4b07-8ddf-14d69becd54c","executionId":"38","success":true,"isManual":true,"workflowId":"vV7VhZ1K8SM67v3VjEW6s","workflowName":"Order Created - WhatsApp Notification (Evolution)"}}
{"__type":"$$EventMessageConfirm","confirm":"a4584926-d8e7-4f6a-835e-b18f054012a4","ts":"2026-01-10T10:03:16.193-05:00","source":{"id":"0","name":"eventBus"}}
{"__type":"$$EventMessageWorkflow","id":"fa125c26-0eb9-4dc3-ad29-d5d306617773","ts":"2026-01-10T10:03:18.010-05:00","eventName":"n8n.workflow.started","message":"n8n.workflow.started","payload":{"executionId":"39","workflowId":"vV7VhZ1K8SM67v3VjEW6s","isManual":false,"workflowName":"Order Created - WhatsApp Notification (Evolution)"}}
{"__type":"$$EventMessageConfirm","confirm":"fa125c26-0eb9-4dc3-ad29-d5d306617773","ts":"2026-01-10T10:03:18.010-05:00","source":{"id":"0","name":"eventBus"}}
{"__type":"$$EventMessageNode","id":"c655e9cb-47d8-4247-800b-9f1c4ce8de5e","ts":"2026-01-10T10:03:18.011-05:00","eventName":"n8n.node.started","message":"n8n.node.started","payload":{"workflowId":"vV7VhZ1K8SM67v3VjEW6s","workflowName":"Order Created - WhatsApp Notification (Evolution)","executionId":"39","nodeType":"n8n-nodes-base.respondToWebhook","nodeName":"Respond to Webhook","nodeId":"42c376fb-46e2-4b07-b753-516466f8c8cb"}}
{"__type":"$$EventMessageConfirm","confirm":"c655e9cb-47d8-4247-800b-9f1c4ce8de5e","ts":"2026-01-10T10:03:18.011-05:00","source":{"id":"0","name":"eventBus"}}
{"__type":"$$EventMessageNode","id":"f65f6847-f01a-462f-8da3-c93f9255ab8e","ts":"2026-01-10T10:03:18.012-05:00","eventName":"n8n.node.finished","message":"n8n.node.finished","payload":{"workflowId":"vV7VhZ1K8SM67v3VjEW6s","workflowName":"Order Created - WhatsApp Notification (Evolution)","executionId":"39","nodeType":"n8n-nodes-base.respondToWebhook","nodeName":"Respond to Webhook","nodeId":"42c376fb-46e2-4b07-b753-516466f8c8cb"}}
{"__type":"$$EventMessageConfirm","confirm":"f65f6847-f01a-462f-8da3-c93f9255ab8e","ts":"2026-01-10T10:03:18.012-05:00","source":{"id":"0","name":"eventBus"}}
{"__type":"$$EventMessageWorkflow","id":"2aef7565-11af-487c-8802-079ca3bcde45","ts":"2026-01-10T10:03:18.012-05:00","eventName":"n8n.workflow.success","message":"n8n.workflow.success","payload":{"userId":"50d9029f-a956-4b07-8ddf-14d69becd54c","executionId":"39","success":true,"isManual":true,"workflowId":"vV7VhZ1K8SM67v3VjEW6s","workflowName":"Order Created - WhatsApp Notification (Evolution)"}}
{"__type":"$$EventMessageConfirm","confirm":"2aef7565-11af-487c-8802-079ca3bcde45","ts":"2026-01-10T10:03:18.012-05:00","source":{"id":"0","name":"eventBus"}}
